id,type,time,date,is_short,start_time,start_lng,start_lat,distance,distance_M
1,7,0,2018-07-01,0,12:00:00 AM,-122.8642,49.0484,,0
2,0,779,2018-07-01,1,8:00:00 AM,-122.8642,49.0484,6.49,6490
3,0,1463,2018-07-01,0,12:00:00 PM,-122.8642,49.0484,16.25,16250
4,2,1440,2018-07-01,0,4:00:00 PM,-122.8642,49.0484,2.4,2400
5,7,0,2018-07-02,0,12:00:00 AM,-122.8642,49.0484,,0
6,0,866,2018-07-02,1,8:00:00 AM,-122.8642,49.0484,7.22,7220
7,0,1507,2018-07-02,0,12:00:00 PM,-122.8642,49.0484,16.74,16740
8,2,2040,2018-07-02,0,4:00:00 PM,-122.8642,49.0484,3.4,3400
9,7,0,2018-07-03,0,12:00:00 AM,-122.8642,49.0484,,0
10,0,730,2018-07-03,1,8:00:00 AM,-122.8642,49.0484,6.08,6080
11,0,1062,2018-07-03,0,12:00:00 PM,-122.8642,49.0484,11.8,11800
12,2,2100,2018-07-03,0,4:00:00 PM,-122.8642,49.0484,3.5,3500
13,7,0,2018-07-04,0,12:00:00 AM,-122.8642,49.0484,,0
14,0,713,2018-07-04,1,8:00:00 AM,-122.8642,49.0484,5.94,5940
15,0,727,2018-07-04,0,12:00:00 PM,-122.8642,49.0484,8.08,8080
16,2,1080,2018-07-04,0,4:00:00 PM,-122.8642,49.0484,1.8,1800
17,7,0,2018-07-05,0,12:00:00 AM,-122.8642,49.0484,,0
18,0,594,2018-07-05,1,8:00:00 AM,-122.8642,49.0484,4.95,4950
19,0,1183,2018-07-05,0,12:00:00 PM,-122.8642,49.0484,13.14,13140
20,2,420,2018-07-05,0,4:00:00 PM,-122.8642,49.0484,0.7,700
21,7,0,2018-07-06,0,12:00:00 AM,-122.8642,49.0484,,0
22,0,622,2018-07-06,1,8:00:00 AM,-122.8642,49.0484,5.18,5180
23,0,1574,2018-07-06,0,12:00:00 PM,-122.8642,49.0484,17.49,17490
24,2,1020,2018-07-06,0,4:00:00 PM,-122.8642,49.0484,1.7,1700
25,7,0,2018-07-07,0,12:00:00 AM,-122.8642,49.0484,,0
26,0,407,2018-07-07,1,8:00:00 AM,-122.8642,49.0484,3.39,3390
27,0,681,2018-07-07,0,12:00:00 PM,-122.8642,49.0484,7.57,7570
28,2,540,2018-07-07,0,4:00:00 PM,-122.8642,49.0484,0.9,900
29,7,0,2018-07-08,0,12:00:00 AM,-122.8642,49.0484,,0
30,0,415,2018-07-08,1,8:00:00 AM,-122.8642,49.0484,3.46,3460
31,0,1697,2018-07-08,0,12:00:00 PM,-122.8642,49.0484,18.86,18860
32,2,2280,2018-07-08,0,4:00:00 PM,-122.8642,49.0484,3.8,3800
33,7,0,2018-07-09,0,12:00:00 AM,-122.8642,49.0484,,0
34,0,649,2018-07-09,1,8:00:00 AM,-122.8642,49.0484,5.41,5410
35,0,1274,2018-07-09,0,12:00:00 PM,-122.8642,49.0484,14.15,14150
36,2,840,2018-07-09,0,4:00:00 PM,-122.8642,49.0484,1.4,1400
37,7,0,2018-07-10,0,12:00:00 AM,-122.8642,49.0484,,0
38,0,611,2018-07-10,1,8:00:00 AM,-122.8642,49.0484,5.09,5090
39,0,1468,2018-07-10,0,12:00:00 PM,-122.8642,49.0484,16.31,16310
40,2,960,2018-07-10,0,4:00:00 PM,-122.8642,49.0484,1.6,1600
41,7,0,2018-07-11,0,12:00:00 AM,-122.8642,49.0484,,0
42,0,523,2018-07-11,1,8:00:00 AM,-122.8642,49.0484,4.36,4360
43,0,1526,2018-07-11,0,12:00:00 PM,-122.8642,49.0484,16.95,16950
44,2,600,2018-07-11,0,4:00:00 PM,-122.8642,49.0484,1,1000
45,7,0,2018-07-12,0,12:00:00 AM,-122.8642,49.0484,,0
46,0,845,2018-07-12,1,8:00:00 AM,-122.8642,49.0484,7.04,7040
47,0,1581,2018-07-12,0,12:00:00 PM,-122.8642,49.0484,17.57,17570
48,2,2280,2018-07-12,0,4:00:00 PM,-122.8642,49.0484,3.8,3800
49,7,0,2018-07-13,0,12:00:00 AM,-122.8642,49.0484,,0
50,0,846,2018-07-13,1,8:00:00 AM,-122.8642,49.0484,7.05,7050
51,0,1281,2018-07-13,0,12:00:00 PM,-122.8642,49.0484,14.23,14230
52,2,900,2018-07-13,0,4:00:00 PM,-122.8642,49.0484,1.5,1500
53,7,0,2018-07-14,0,12:00:00 AM,-122.8642,49.0484,,0
54,0,270,2018-07-14,1,8:00:00 AM,-122.8642,49.0484,2.25,2250
55,0,1477,2018-07-14,0,12:00:00 PM,-122.8642,49.0484,16.41,16410
56,2,1020,2018-07-14,0,4:00:00 PM,-122.8642,49.0484,1.7,1700
57,7,0,2018-07-15,0,12:00:00 AM,-122.8642,49.0484,,0
58,0,724,2018-07-15,1,8:00:00 AM,-122.8642,49.0484,6.03,6030
59,0,1407,2018-07-15,0,12:00:00 PM,-122.8642,49.0484,15.63,15630
60,2,480,2018-07-15,0,4:00:00 PM,-122.8642,49.0484,0.8,800
61,7,0,2018-07-16,0,12:00:00 AM,-122.8642,49.0484,,0
62,0,174,2018-07-16,1,8:00:00 AM,-122.8642,49.0484,1.45,1450
63,0,1145,2018-07-16,0,12:00:00 PM,-122.8642,49.0484,12.72,12720
64,2,1260,2018-07-16,0,4:00:00 PM,-122.8642,49.0484,2.1,2100
65,7,0,2018-07-17,0,12:00:00 AM,-122.8642,49.0484,,0
66,0,589,2018-07-17,1,8:00:00 AM,-122.8642,49.0484,4.91,4910
67,0,1114,2018-07-17,0,12:00:00 PM,-122.8642,49.0484,12.38,12380
68,2,1620,2018-07-17,0,4:00:00 PM,-122.8642,49.0484,2.7,2700
69,7,0,2018-07-18,0,12:00:00 AM,-122.8642,49.0484,,0
70,0,191,2018-07-18,1,8:00:00 AM,-122.8642,49.0484,1.59,1590
71,0,1018,2018-07-18,0,12:00:00 PM,-122.8642,49.0484,11.31,11310
72,2,300,2018-07-18,0,4:00:00 PM,-122.8642,49.0484,0.5,500
73,7,0,2018-07-19,0,12:00:00 AM,-122.8642,49.0484,,0
74,0,536,2018-07-19,1,8:00:00 AM,-122.8642,49.0484,4.47,4470
75,0,893,2018-07-19,0,12:00:00 PM,-122.8642,49.0484,9.92,9920
76,2,1680,2018-07-19,0,4:00:00 PM,-122.8642,49.0484,2.8,2800
77,7,0,2018-07-20,0,12:00:00 AM,-122.8642,49.0484,,0
78,0,288,2018-07-20,1,8:00:00 AM,-122.8642,49.0484,2.4,2400
79,0,1157,2018-07-20,0,12:00:00 PM,-122.8642,49.0484,12.86,12860
80,2,1980,2018-07-20,0,4:00:00 PM,-122.8642,49.0484,3.3,3300
81,7,0,2018-07-21,0,12:00:00 AM,-122.8642,49.0484,,0
82,0,520,2018-07-21,1,8:00:00 AM,-122.8642,49.0484,4.33,4330
83,0,730,2018-07-21,0,12:00:00 PM,-122.8642,49.0484,8.11,8110
84,2,1380,2018-07-21,0,4:00:00 PM,-122.8642,49.0484,2.3,2300
85,7,0,2018-07-22,0,12:00:00 AM,-122.8642,49.0484,,0
86,0,121,2018-07-22,1,8:00:00 AM,-122.8642,49.0484,1.01,1010
87,0,1160,2018-07-22,0,12:00:00 PM,-122.8642,49.0484,12.89,12890
88,2,900,2018-07-22,0,4:00:00 PM,-122.8642,49.0484,1.5,1500
89,7,0,2018-07-23,0,12:00:00 AM,-122.8642,49.0484,,0
90,0,721,2018-07-23,1,8:00:00 AM,-122.8642,49.0484,6.01,6010
91,0,1672,2018-07-23,0,12:00:00 PM,-122.8642,49.0484,18.58,18580
92,2,1740,2018-07-23,0,4:00:00 PM,-122.8642,49.0484,2.9,2900
93,7,0,2018-07-24,0,12:00:00 AM,-122.8642,49.0484,,0
94,0,160,2018-07-24,1,8:00:00 AM,-122.8642,49.0484,1.33,1330
95,0,1764,2018-07-24,0,12:00:00 PM,-122.8642,49.0484,19.6,19600
96,2,1380,2018-07-24,0,4:00:00 PM,-122.8642,49.0484,2.3,2300
97,7,0,2018-07-25,0,12:00:00 AM,-122.8642,49.0484,,0
98,0,222,2018-07-25,1,8:00:00 AM,-122.8642,49.0484,1.85,1850
99,0,684,2018-07-25,0,12:00:00 PM,-122.8642,49.0484,7.6,7600
100,2,1140,2018-07-25,0,4:00:00 PM,-122.8642,49.0484,1.9,1900
101,7,0,2018-07-26,0,12:00:00 AM,-122.8642,49.0484,,0
102,0,576,2018-07-26,1,8:00:00 AM,-122.8642,49.0484,4.8,4800
103,0,885,2018-07-26,0,12:00:00 PM,-122.8642,49.0484,9.83,9830
104,2,480,2018-07-26,0,4:00:00 PM,-122.8642,49.0484,0.8,800
105,7,0,2018-07-27,0,12:00:00 AM,-122.8642,49.0484,,0
106,0,629,2018-07-27,1,8:00:00 AM,-122.8642,49.0484,5.24,5240
107,0,1393,2018-07-27,0,12:00:00 PM,-122.8642,49.0484,15.48,15480
108,2,840,2018-07-27,0,4:00:00 PM,-122.8642,49.0484,1.4,1400
109,7,0,2018-07-28,0,12:00:00 AM,-122.8642,49.0484,,0
110,0,662,2018-07-28,1,8:00:00 AM,-122.8642,49.0484,5.52,5520
111,0,1125,2018-07-28,0,12:00:00 PM,-122.8642,49.0484,12.5,12500
112,2,2160,2018-07-28,0,4:00:00 PM,-122.8642,49.0484,3.6,3600
113,7,0,2018-07-29,0,12:00:00 AM,-122.8642,49.0484,,0
114,0,181,2018-07-29,1,8:00:00 AM,-122.8642,49.0484,1.51,1510
115,0,1305,2018-07-29,0,12:00:00 PM,-122.8642,49.0484,14.5,14500
116,2,1440,2018-07-29,0,4:00:00 PM,-122.8642,49.0484,2.4,2400
117,7,0,2018-07-30,0,12:00:00 AM,-122.8642,49.0484,,0
118,0,394,2018-07-30,1,8:00:00 AM,-122.8642,49.0484,3.28,3280
119,0,1353,2018-07-30,0,12:00:00 PM,-122.8642,49.0484,15.03,15030
120,2,1920,2018-07-30,0,4:00:00 PM,-122.8642,49.0484,3.2,3200
121,7,0,2018-07-31,0,12:00:00 AM,-122.8642,49.0484,,0
122,0,478,2018-07-31,1,8:00:00 AM,-122.8642,49.0484,3.98,3980
123,0,722,2018-07-31,0,12:00:00 PM,-122.8642,49.0484,8.02,8020
124,2,1860,2018-07-31,0,4:00:00 PM,-122.8642,49.0484,3.1,3100
125,7,0,2018-08-01,0,12:00:00 AM,-122.8642,49.0484,,0
126,0,827,2018-08-01,1,8:00:00 AM,-122.8642,49.0484,6.89,6890
127,0,1393,2018-08-01,0,12:00:00 PM,-122.8642,49.0484,15.48,15480
128,2,1440,2018-08-01,0,4:00:00 PM,-122.8642,49.0484,2.4,2400
129,7,0,2018-08-02,0,12:00:00 AM,-122.8642,49.0484,,0
130,0,536,2018-08-02,1,8:00:00 AM,-122.8642,49.0484,4.47,4470
131,0,1541,2018-08-02,0,12:00:00 PM,-122.8642,49.0484,17.12,17120
132,2,1380,2018-08-02,0,4:00:00 PM,-122.8642,49.0484,2.3,2300
133,7,0,2018-08-03,0,12:00:00 AM,-122.8642,49.0484,,0
134,0,166,2018-08-03,1,8:00:00 AM,-122.8642,49.0484,1.38,1380
135,0,1684,2018-08-03,0,12:00:00 PM,-122.8642,49.0484,18.71,18710
136,2,540,2018-08-03,0,4:00:00 PM,-122.8642,49.0484,0.9,900
137,7,0,2018-08-04,0,12:00:00 AM,-122.8642,49.0484,,0
138,0,265,2018-08-04,1,8:00:00 AM,-122.8642,49.0484,2.21,2210
139,0,967,2018-08-04,0,12:00:00 PM,-122.8642,49.0484,10.74,10740
140,2,600,2018-08-04,0,4:00:00 PM,-122.8642,49.0484,1,1000
141,7,0,2018-08-05,0,12:00:00 AM,-122.8642,49.0484,,0
142,0,697,2018-08-05,1,8:00:00 AM,-122.8642,49.0484,5.81,5810
143,0,943,2018-08-05,0,12:00:00 PM,-122.8642,49.0484,10.48,10480
144,2,1380,2018-08-05,0,4:00:00 PM,-122.8642,49.0484,2.3,2300
145,7,0,2018-08-06,0,12:00:00 AM,-122.8642,49.0484,,0
146,0,680,2018-08-06,1,8:00:00 AM,-122.8642,49.0484,5.67,5670
147,0,941,2018-08-06,0,12:00:00 PM,-122.8642,49.0484,10.45,10450
148,2,900,2018-08-06,0,4:00:00 PM,-122.8642,49.0484,1.5,1500
149,7,0,2018-08-07,0,12:00:00 AM,-122.8642,49.0484,,0
150,0,798,2018-08-07,1,8:00:00 AM,-122.8642,49.0484,6.65,6650
151,0,869,2018-08-07,0,12:00:00 PM,-122.8642,49.0484,9.66,9660
152,2,1140,2018-08-07,0,4:00:00 PM,-122.8642,49.0484,1.9,1900
153,7,0,2018-08-08,0,12:00:00 AM,-122.8642,49.0484,,0
154,0,583,2018-08-08,1,8:00:00 AM,-122.8642,49.0484,4.86,4860
155,0,1669,2018-08-08,0,12:00:00 PM,-122.8642,49.0484,18.54,18540
156,2,1860,2018-08-08,0,4:00:00 PM,-122.8642,49.0484,3.1,3100
157,7,0,2018-08-09,0,12:00:00 AM,-122.8642,49.0484,,0
158,0,457,2018-08-09,1,8:00:00 AM,-122.8642,49.0484,3.81,3810
159,0,867,2018-08-09,0,12:00:00 PM,-122.8642,49.0484,9.63,9630
160,2,1560,2018-08-09,0,4:00:00 PM,-122.8642,49.0484,2.6,2600
161,7,0,2018-08-10,0,12:00:00 AM,-122.8642,49.0484,,0
162,0,898,2018-08-10,1,8:00:00 AM,-122.8642,49.0484,7.48,7480
163,0,1086,2018-08-10,0,12:00:00 PM,-122.8642,49.0484,12.07,12070
164,2,1080,2018-08-10,0,4:00:00 PM,-122.8642,49.0484,1.8,1800
165,7,0,2018-08-11,0,12:00:00 AM,-122.8642,49.0484,,0
166,0,478,2018-08-11,1,8:00:00 AM,-122.8642,49.0484,3.98,3980
167,0,701,2018-08-11,0,12:00:00 PM,-122.8642,49.0484,7.79,7790
168,2,1500,2018-08-11,0,4:00:00 PM,-122.8642,49.0484,2.5,2500
169,7,0,2018-08-12,0,12:00:00 AM,-122.8642,49.0484,,0
170,0,756,2018-08-12,1,8:00:00 AM,-122.8642,49.0484,6.3,6300
171,0,824,2018-08-12,0,12:00:00 PM,-122.8642,49.0484,9.16,9160
172,2,900,2018-08-12,0,4:00:00 PM,-122.8642,49.0484,1.5,1500
173,7,0,2018-08-13,0,12:00:00 AM,-122.8642,49.0484,,0
174,0,565,2018-08-13,1,8:00:00 AM,-122.8642,49.0484,4.71,4710
175,0,1116,2018-08-13,0,12:00:00 PM,-122.8642,49.0484,12.4,12400
176,2,300,2018-08-13,0,4:00:00 PM,-122.8642,49.0484,0.5,500
177,7,0,2018-08-14,0,12:00:00 AM,-122.8642,49.0484,,0
178,0,560,2018-08-14,1,8:00:00 AM,-122.8642,49.0484,4.67,4670
179,0,1338,2018-08-14,0,12:00:00 PM,-122.8642,49.0484,14.87,14870
180,2,1080,2018-08-14,0,4:00:00 PM,-122.8642,49.0484,1.8,1800
181,7,0,2018-08-15,0,12:00:00 AM,-122.8642,49.0484,,0
182,0,870,2018-08-15,1,8:00:00 AM,-122.8642,49.0484,7.25,7250
183,0,889,2018-08-15,0,12:00:00 PM,-122.8642,49.0484,9.88,9880
184,2,600,2018-08-15,0,4:00:00 PM,-122.8642,49.0484,1,1000
185,7,0,2018-08-16,0,12:00:00 AM,-122.8642,49.0484,,0
186,0,853,2018-08-16,1,8:00:00 AM,-122.8642,49.0484,7.11,7110
187,0,1027,2018-08-16,0,12:00:00 PM,-122.8642,49.0484,11.41,11410
188,2,780,2018-08-16,0,4:00:00 PM,-122.8642,49.0484,1.3,1300
189,7,0,2018-08-17,0,12:00:00 AM,-122.8642,49.0484,,0
190,0,773,2018-08-17,1,8:00:00 AM,-122.8642,49.0484,6.44,6440
191,0,1264,2018-08-17,0,12:00:00 PM,-122.8642,49.0484,14.04,14040
192,2,300,2018-08-17,0,4:00:00 PM,-122.8642,49.0484,0.5,500
193,7,0,2018-08-18,0,12:00:00 AM,-122.8642,49.0484,,0
194,0,148,2018-08-18,1,8:00:00 AM,-122.8642,49.0484,1.23,1230
195,0,1049,2018-08-18,0,12:00:00 PM,-122.8642,49.0484,11.65,11650
196,2,2220,2018-08-18,0,4:00:00 PM,-122.8642,49.0484,3.7,3700
197,7,0,2018-08-19,0,12:00:00 AM,-122.8642,49.0484,,0
198,0,534,2018-08-19,1,8:00:00 AM,-122.8642,49.0484,4.45,4450
199,0,1655,2018-08-19,0,12:00:00 PM,-122.8642,49.0484,18.39,18390
200,2,2100,2018-08-19,0,4:00:00 PM,-122.8642,49.0484,3.5,3500
201,7,0,2018-08-20,0,12:00:00 AM,-122.8642,49.0484,,0
202,0,888,2018-08-20,1,8:00:00 AM,-122.8642,49.0484,7.4,7400
203,0,706,2018-08-20,0,12:00:00 PM,-122.8642,49.0484,7.84,7840
204,2,540,2018-08-20,0,4:00:00 PM,-122.8642,49.0484,0.9,900
205,7,0,2018-08-21,0,12:00:00 AM,-122.8642,49.0484,,0
206,0,680,2018-08-21,1,8:00:00 AM,-122.8642,49.0484,5.67,5670
207,0,1629,2018-08-21,0,12:00:00 PM,-122.8642,49.0484,18.1,18100
208,2,2040,2018-08-21,0,4:00:00 PM,-122.8642,49.0484,3.4,3400
209,7,0,2018-08-22,0,12:00:00 AM,-122.8642,49.0484,,0
210,0,174,2018-08-22,1,8:00:00 AM,-122.8642,49.0484,1.45,1450
211,0,1262,2018-08-22,0,12:00:00 PM,-122.8642,49.0484,14.02,14020
212,2,1980,2018-08-22,0,4:00:00 PM,-122.8642,49.0484,3.3,3300
213,7,0,2018-08-23,0,12:00:00 AM,-122.8642,49.0484,,0
214,0,852,2018-08-23,1,8:00:00 AM,-122.8642,49.0484,7.1,7100
215,0,1157,2018-08-23,0,12:00:00 PM,-122.8642,49.0484,12.85,12850
216,2,1200,2018-08-23,0,4:00:00 PM,-122.8642,49.0484,2,2000
217,7,0,2018-08-24,0,12:00:00 AM,-122.8642,49.0484,,0
218,0,185,2018-08-24,1,8:00:00 AM,-122.8642,49.0484,1.54,1540
219,0,721,2018-08-24,0,12:00:00 PM,-122.8642,49.0484,8.01,8010
220,2,1020,2018-08-24,0,4:00:00 PM,-122.8642,49.0484,1.7,1700
221,7,0,2018-08-25,0,12:00:00 AM,-122.8642,49.0484,,0
222,0,382,2018-08-25,1,8:00:00 AM,-122.8642,49.0484,3.18,3180
223,0,904,2018-08-25,0,12:00:00 PM,-122.8642,49.0484,10.04,10040
224,2,1320,2018-08-25,0,4:00:00 PM,-122.8642,49.0484,2.2,2200
225,7,0,2018-08-26,0,12:00:00 AM,-122.8642,49.0484,,0
226,0,338,2018-08-26,1,8:00:00 AM,-122.8642,49.0484,2.82,2820
227,0,1308,2018-08-26,0,12:00:00 PM,-122.8642,49.0484,14.53,14530
228,2,2400,2018-08-26,0,4:00:00 PM,-122.8642,49.0484,4,4000
229,7,0,2018-08-27,0,12:00:00 AM,-122.8642,49.0484,,0
230,0,553,2018-08-27,1,8:00:00 AM,-122.8642,49.0484,4.61,4610
231,0,977,2018-08-27,0,12:00:00 PM,-122.8642,49.0484,10.86,10860
232,2,420,2018-08-27,0,4:00:00 PM,-122.8642,49.0484,0.7,700
233,7,0,2018-08-28,0,12:00:00 AM,-122.8642,49.0484,,0
234,0,638,2018-08-28,1,8:00:00 AM,-122.8642,49.0484,5.32,5320
235,0,930,2018-08-28,0,12:00:00 PM,-122.8642,49.0484,10.33,10330
236,2,2040,2018-08-28,0,4:00:00 PM,-122.8642,49.0484,3.4,3400
237,7,0,2018-08-29,0,12:00:00 AM,-122.8642,49.0484,,0
238,0,469,2018-08-29,1,8:00:00 AM,-122.8642,49.0484,3.91,3910
239,0,1782,2018-08-29,0,12:00:00 PM,-122.8642,49.0484,19.8,19800
240,2,2400,2018-08-29,0,4:00:00 PM,-122.8642,49.0484,4,4000
241,7,0,2018-08-30,0,12:00:00 AM,-122.8642,49.0484,,0
242,0,133,2018-08-30,1,8:00:00 AM,-122.8642,49.0484,1.11,1110
243,0,688,2018-08-30,0,12:00:00 PM,-122.8642,49.0484,7.64,7640
244,2,1800,2018-08-30,0,4:00:00 PM,-122.8642,49.0484,3,3000
245,7,0,2018-08-31,0,12:00:00 AM,-122.8642,49.0484,,0
246,0,869,2018-08-31,1,8:00:00 AM,-122.8642,49.0484,7.24,7240
247,0,1772,2018-08-31,0,12:00:00 PM,-122.8642,49.0484,19.69,19690
248,2,1680,2018-08-31,0,4:00:00 PM,-122.8642,49.0484,2.8,2800
249,7,0,2018-09-01,0,12:00:00 AM,-122.8642,49.0484,,0
250,0,186,2018-09-01,1,8:00:00 AM,-122.8642,49.0484,1.55,1550
251,0,1036,2018-09-01,0,12:00:00 PM,-122.8642,49.0484,11.51,11510
252,2,1800,2018-09-01,0,4:00:00 PM,-122.8642,49.0484,3,3000
253,7,0,2018-09-02,0,12:00:00 AM,-122.8642,49.0484,,0
254,0,828,2018-09-02,1,8:00:00 AM,-122.8642,49.0484,6.9,6900
255,0,680,2018-09-02,0,12:00:00 PM,-122.8642,49.0484,7.55,7550
256,2,300,2018-09-02,0,4:00:00 PM,-122.8642,49.0484,0.5,500
257,7,0,2018-09-03,0,12:00:00 AM,-122.8642,49.0484,,0
258,0,311,2018-09-03,1,8:00:00 AM,-122.8642,49.0484,2.59,2590
259,0,1050,2018-09-03,0,12:00:00 PM,-122.8642,49.0484,11.67,11670
260,2,2040,2018-09-03,0,4:00:00 PM,-122.8642,49.0484,3.4,3400
261,7,0,2018-09-04,0,12:00:00 AM,-122.8642,49.0484,,0
262,0,463,2018-09-04,1,8:00:00 AM,-122.8642,49.0484,3.86,3860
263,0,1312,2018-09-04,0,12:00:00 PM,-122.8642,49.0484,14.58,14580
264,2,1500,2018-09-04,0,4:00:00 PM,-122.8642,49.0484,2.5,2500
265,7,0,2018-09-05,0,12:00:00 AM,-122.8642,49.0484,,0
266,0,419,2018-09-05,1,8:00:00 AM,-122.8642,49.0484,3.49,3490
267,0,777,2018-09-05,0,12:00:00 PM,-122.8642,49.0484,8.63,8630
268,2,1560,2018-09-05,0,4:00:00 PM,-122.8642,49.0484,2.6,2600
269,7,0,2018-09-06,0,12:00:00 AM,-122.8642,49.0484,,0
270,0,335,2018-09-06,1,8:00:00 AM,-122.8642,49.0484,2.79,2790
271,0,1328,2018-09-06,0,12:00:00 PM,-122.8642,49.0484,14.76,14760
272,2,840,2018-09-06,0,4:00:00 PM,-122.8642,49.0484,1.4,1400
273,7,0,2018-09-07,0,12:00:00 AM,-122.8642,49.0484,,0
274,0,895,2018-09-07,1,8:00:00 AM,-122.8642,49.0484,7.46,7460
275,0,1207,2018-09-07,0,12:00:00 PM,-122.8642,49.0484,13.41,13410
276,2,1020,2018-09-07,0,4:00:00 PM,-122.8642,49.0484,1.7,1700
277,7,0,2018-09-08,0,12:00:00 AM,-122.8642,49.0484,,0
278,0,702,2018-09-08,1,8:00:00 AM,-122.8642,49.0484,5.85,5850
279,0,1381,2018-09-08,0,12:00:00 PM,-122.8642,49.0484,15.34,15340
280,2,1800,2018-09-08,0,4:00:00 PM,-122.8642,49.0484,3,3000
281,7,0,2018-09-09,0,12:00:00 AM,-122.8642,49.0484,,0
282,0,172,2018-09-09,1,8:00:00 AM,-122.8642,49.0484,1.43,1430
283,0,995,2018-09-09,0,12:00:00 PM,-122.8642,49.0484,11.05,11050
284,2,900,2018-09-09,0,4:00:00 PM,-122.8642,49.0484,1.5,1500
285,7,0,2018-09-10,0,12:00:00 AM,-122.8642,49.0484,,0
286,0,899,2018-09-10,1,8:00:00 AM,-122.8642,49.0484,7.49,7490
287,0,1499,2018-09-10,0,12:00:00 PM,-122.8642,49.0484,16.65,16650
288,2,1740,2018-09-10,0,4:00:00 PM,-122.8642,49.0484,2.9,2900
289,7,0,2018-09-11,0,12:00:00 AM,-122.8642,49.0484,,0
290,0,546,2018-09-11,1,8:00:00 AM,-122.8642,49.0484,4.55,4550
291,0,1138,2018-09-11,0,12:00:00 PM,-122.8642,49.0484,12.64,12640
292,2,2340,2018-09-11,0,4:00:00 PM,-122.8642,49.0484,3.9,3900
293,7,0,2018-09-12,0,12:00:00 AM,-122.8642,49.0484,,0
294,0,151,2018-09-12,1,8:00:00 AM,-122.8642,49.0484,1.26,1260
295,0,1710,2018-09-12,0,12:00:00 PM,-122.8642,49.0484,19,19000
296,2,900,2018-09-12,0,4:00:00 PM,-122.8642,49.0484,1.5,1500
297,7,0,2018-09-13,0,12:00:00 AM,-122.8642,49.0484,,0
298,0,734,2018-09-13,1,8:00:00 AM,-122.8642,49.0484,6.12,6120
299,0,857,2018-09-13,0,12:00:00 PM,-122.8642,49.0484,9.52,9520
300,2,1740,2018-09-13,0,4:00:00 PM,-122.8642,49.0484,2.9,2900
301,7,0,2018-09-14,0,12:00:00 AM,-122.8642,49.0484,,0
302,0,398,2018-09-14,1,8:00:00 AM,-122.8642,49.0484,3.32,3320
303,0,1694,2018-09-14,0,12:00:00 PM,-122.8642,49.0484,18.82,18820
304,2,360,2018-09-14,0,4:00:00 PM,-122.8642,49.0484,0.6,600
305,7,0,2018-09-15,0,12:00:00 AM,-122.8642,49.0484,,0
306,0,864,2018-09-15,1,8:00:00 AM,-122.8642,49.0484,7.2,7200
307,0,836,2018-09-15,0,12:00:00 PM,-122.8642,49.0484,9.29,9290
308,2,1320,2018-09-15,0,4:00:00 PM,-122.8642,49.0484,2.2,2200
309,7,0,2018-09-16,0,12:00:00 AM,-122.8642,49.0484,,0
310,0,206,2018-09-16,1,8:00:00 AM,-122.8642,49.0484,1.72,1720
311,0,1076,2018-09-16,0,12:00:00 PM,-122.8642,49.0484,11.96,11960
312,2,2100,2018-09-16,0,4:00:00 PM,-122.8642,49.0484,3.5,3500
313,7,0,2018-09-17,0,12:00:00 AM,-122.8642,49.0484,,0
314,0,224,2018-09-17,1,8:00:00 AM,-122.8642,49.0484,1.87,1870
315,0,1252,2018-09-17,0,12:00:00 PM,-122.8642,49.0484,13.91,13910
316,2,1260,2018-09-17,0,4:00:00 PM,-122.8642,49.0484,2.1,2100
317,7,0,2018-09-18,0,12:00:00 AM,-122.8642,49.0484,,0
318,0,868,2018-09-18,1,8:00:00 AM,-122.8642,49.0484,7.23,7230
319,0,1337,2018-09-18,0,12:00:00 PM,-122.8642,49.0484,14.86,14860
320,2,1500,2018-09-18,0,4:00:00 PM,-122.8642,49.0484,2.5,2500
321,7,0,2018-09-19,0,12:00:00 AM,-122.8642,49.0484,,0
322,0,142,2018-09-19,1,8:00:00 AM,-122.8642,49.0484,1.18,1180
323,0,1527,2018-09-19,0,12:00:00 PM,-122.8642,49.0484,16.97,16970
324,2,1020,2018-09-19,0,4:00:00 PM,-122.8642,49.0484,1.7,1700
325,7,0,2018-09-20,0,12:00:00 AM,-122.8642,49.0484,,0
326,0,790,2018-09-20,1,8:00:00 AM,-122.8642,49.0484,6.58,6580
327,0,837,2018-09-20,0,12:00:00 PM,-122.8642,49.0484,9.3,9300
328,2,1980,2018-09-20,0,4:00:00 PM,-122.8642,49.0484,3.3,3300
329,7,0,2018-09-21,0,12:00:00 AM,-122.8642,49.0484,,0
330,0,493,2018-09-21,1,8:00:00 AM,-122.8642,49.0484,4.11,4110
331,0,1783,2018-09-21,0,12:00:00 PM,-122.8642,49.0484,19.81,19810
332,2,720,2018-09-21,0,4:00:00 PM,-122.8642,49.0484,1.2,1200
333,7,0,2018-09-22,0,12:00:00 AM,-122.8642,49.0484,,0
334,0,739,2018-09-22,1,8:00:00 AM,-122.8642,49.0484,6.16,6160
335,0,1687,2018-09-22,0,12:00:00 PM,-122.8642,49.0484,18.74,18740
336,2,960,2018-09-22,0,4:00:00 PM,-122.8642,49.0484,1.6,1600
337,7,0,2018-09-23,0,12:00:00 AM,-122.8642,49.0484,,0
338,0,239,2018-09-23,1,8:00:00 AM,-122.8642,49.0484,1.99,1990
339,0,1206,2018-09-23,0,12:00:00 PM,-122.8642,49.0484,13.4,13400
340,2,540,2018-09-23,0,4:00:00 PM,-122.8642,49.0484,0.9,900
341,7,0,2018-09-24,0,12:00:00 AM,-122.8642,49.0484,,0
342,0,659,2018-09-24,1,8:00:00 AM,-122.8642,49.0484,5.49,5490
343,0,1253,2018-09-24,0,12:00:00 PM,-122.8642,49.0484,13.92,13920
344,2,840,2018-09-24,0,4:00:00 PM,-122.8642,49.0484,1.4,1400
345,7,0,2018-09-25,0,12:00:00 AM,-122.8642,49.0484,,0
346,0,320,2018-09-25,1,8:00:00 AM,-122.8642,49.0484,2.67,2670
347,0,928,2018-09-25,0,12:00:00 PM,-122.8642,49.0484,10.31,10310
348,2,1560,2018-09-25,0,4:00:00 PM,-122.8642,49.0484,2.6,2600
349,7,0,2018-09-26,0,12:00:00 AM,-122.8642,49.0484,,0
350,0,784,2018-09-26,1,8:00:00 AM,-122.8642,49.0484,6.53,6530
351,0,740,2018-09-26,0,12:00:00 PM,-122.8642,49.0484,8.22,8220
352,2,1200,2018-09-26,0,4:00:00 PM,-122.8642,49.0484,2,2000
353,7,0,2018-09-27,0,12:00:00 AM,-122.8642,49.0484,,0
354,0,707,2018-09-27,1,8:00:00 AM,-122.8642,49.0484,5.89,5890
355,0,1714,2018-09-27,0,12:00:00 PM,-122.8642,49.0484,19.04,19040
356,2,2340,2018-09-27,0,4:00:00 PM,-122.8642,49.0484,3.9,3900
357,7,0,2018-09-28,0,12:00:00 AM,-122.8642,49.0484,,0
358,0,361,2018-09-28,1,8:00:00 AM,-122.8642,49.0484,3.01,3010
359,0,1762,2018-09-28,0,12:00:00 PM,-122.8642,49.0484,19.58,19580
360,2,1740,2018-09-28,0,4:00:00 PM,-122.8642,49.0484,2.9,2900
361,7,0,2018-09-29,0,12:00:00 AM,-122.8642,49.0484,,0
362,0,521,2018-09-29,1,8:00:00 AM,-122.8642,49.0484,4.34,4340
363,0,887,2018-09-29,0,12:00:00 PM,-122.8642,49.0484,9.85,9850
364,2,600,2018-09-29,0,4:00:00 PM,-122.8642,49.0484,1,1000
365,7,0,2018-09-30,0,12:00:00 AM,-122.8642,49.0484,,0
366,0,317,2018-09-30,1,8:00:00 AM,-122.8642,49.0484,2.64,2640
367,0,1241,2018-09-30,0,12:00:00 PM,-122.8642,49.0484,13.79,13790
368,2,1500,2018-09-30,0,4:00:00 PM,-122.8642,49.0484,2.5,2500
369,7,0,2018-10-01,0,12:00:00 AM,-122.8642,49.0484,,0
370,0,343,2018-10-01,1,8:00:00 AM,-122.8642,49.0484,2.86,2860
371,0,1100,2018-10-01,0,12:00:00 PM,-122.8642,49.0484,12.22,12220
372,2,1260,2018-10-01,0,4:00:00 PM,-122.8642,49.0484,2.1,2100
373,7,0,2018-10-02,0,12:00:00 AM,-122.8642,49.0484,,0
374,0,731,2018-10-02,1,8:00:00 AM,-122.8642,49.0484,6.09,6090
375,0,703,2018-10-02,0,12:00:00 PM,-122.8642,49.0484,7.81,7810
376,2,2100,2018-10-02,0,4:00:00 PM,-122.8642,49.0484,3.5,3500
377,7,0,2018-10-03,0,12:00:00 AM,-122.8642,49.0484,,0
378,0,860,2018-10-03,1,8:00:00 AM,-122.8642,49.0484,7.17,7170
379,0,1158,2018-10-03,0,12:00:00 PM,-122.8642,49.0484,12.87,12870
380,2,2340,2018-10-03,0,4:00:00 PM,-122.8642,49.0484,3.9,3900
381,7,0,2018-10-04,0,12:00:00 AM,-122.8642,49.0484,,0
382,0,265,2018-10-04,1,8:00:00 AM,-122.8642,49.0484,2.21,2210
383,0,1247,2018-10-04,0,12:00:00 PM,-122.8642,49.0484,13.86,13860
384,2,600,2018-10-04,0,4:00:00 PM,-122.8642,49.0484,1,1000
385,7,0,2018-10-05,0,12:00:00 AM,-122.8642,49.0484,,0
386,0,599,2018-10-05,1,8:00:00 AM,-122.8642,49.0484,4.99,4990
387,0,1394,2018-10-05,0,12:00:00 PM,-122.8642,49.0484,15.49,15490
388,2,1860,2018-10-05,0,4:00:00 PM,-122.8642,49.0484,3.1,3100
389,7,0,2018-10-06,0,12:00:00 AM,-122.8642,49.0484,,0
390,0,893,2018-10-06,1,8:00:00 AM,-122.8642,49.0484,7.44,7440
391,0,1139,2018-10-06,0,12:00:00 PM,-122.8642,49.0484,12.65,12650
392,2,2160,2018-10-06,0,4:00:00 PM,-122.8642,49.0484,3.6,3600
393,7,0,2018-10-07,0,12:00:00 AM,-122.8642,49.0484,,0
394,0,690,2018-10-07,1,8:00:00 AM,-122.8642,49.0484,5.75,5750
395,0,1228,2018-10-07,0,12:00:00 PM,-122.8642,49.0484,13.64,13640
396,2,960,2018-10-07,0,4:00:00 PM,-122.8642,49.0484,1.6,1600
397,7,0,2018-10-08,0,12:00:00 AM,-122.8642,49.0484,,0
398,0,324,2018-10-08,1,8:00:00 AM,-122.8642,49.0484,2.7,2700
399,0,1705,2018-10-08,0,12:00:00 PM,-122.8642,49.0484,18.94,18940
400,2,1920,2018-10-08,0,4:00:00 PM,-122.8642,49.0484,3.2,3200
401,7,0,2018-10-09,0,12:00:00 AM,-122.8642,49.0484,,0
402,0,156,2018-10-09,1,8:00:00 AM,-122.8642,49.0484,1.3,1300
403,0,1508,2018-10-09,0,12:00:00 PM,-122.8642,49.0484,16.75,16750
404,2,1740,2018-10-09,0,4:00:00 PM,-122.8642,49.0484,2.9,2900
405,7,0,2018-10-10,0,12:00:00 AM,-122.8642,49.0484,,0
406,0,533,2018-10-10,1,8:00:00 AM,-122.8642,49.0484,4.44,4440
407,0,1273,2018-10-10,0,12:00:00 PM,-122.8642,49.0484,14.14,14140
408,2,900,2018-10-10,0,4:00:00 PM,-122.8642,49.0484,1.5,1500
409,7,0,2018-10-11,0,12:00:00 AM,-122.8642,49.0484,,0
410,0,301,2018-10-11,1,8:00:00 AM,-122.8642,49.0484,2.51,2510
411,0,1450,2018-10-11,0,12:00:00 PM,-122.8642,49.0484,16.11,16110
412,2,540,2018-10-11,0,4:00:00 PM,-122.8642,49.0484,0.9,900
413,7,0,2018-10-12,0,12:00:00 AM,-122.8642,49.0484,,0
414,0,486,2018-10-12,1,8:00:00 AM,-122.8642,49.0484,4.05,4050
415,0,1042,2018-10-12,0,12:00:00 PM,-122.8642,49.0484,11.58,11580
416,2,420,2018-10-12,0,4:00:00 PM,-122.8642,49.0484,0.7,700
417,7,0,2018-10-13,0,12:00:00 AM,-122.8642,49.0484,,0
418,0,293,2018-10-13,1,8:00:00 AM,-122.8642,49.0484,2.44,2440
419,0,789,2018-10-13,0,12:00:00 PM,-122.8642,49.0484,8.77,8770
420,2,600,2018-10-13,0,4:00:00 PM,-122.8642,49.0484,1,1000
421,7,0,2018-10-14,0,12:00:00 AM,-122.8642,49.0484,,0
422,0,811,2018-10-14,1,8:00:00 AM,-122.8642,49.0484,6.76,6760
423,0,925,2018-10-14,0,12:00:00 PM,-122.8642,49.0484,10.28,10280
424,2,720,2018-10-14,0,4:00:00 PM,-122.8642,49.0484,1.2,1200
425,7,0,2018-10-15,0,12:00:00 AM,-122.8642,49.0484,,0
426,0,320,2018-10-15,1,8:00:00 AM,-122.8642,49.0484,2.67,2670
427,0,1304,2018-10-15,0,12:00:00 PM,-122.8642,49.0484,14.49,14490
428,2,1140,2018-10-15,0,4:00:00 PM,-122.8642,49.0484,1.9,1900
429,7,0,2018-10-16,0,12:00:00 AM,-122.8642,49.0484,,0
430,0,810,2018-10-16,1,8:00:00 AM,-122.8642,49.0484,6.75,6750
431,0,1702,2018-10-16,0,12:00:00 PM,-122.8642,49.0484,18.91,18910
432,2,1380,2018-10-16,0,4:00:00 PM,-122.8642,49.0484,2.3,2300
433,7,0,2018-10-17,0,12:00:00 AM,-122.8642,49.0484,,0
434,0,343,2018-10-17,1,8:00:00 AM,-122.8642,49.0484,2.86,2860
435,0,1400,2018-10-17,0,12:00:00 PM,-122.8642,49.0484,15.55,15550
436,2,1260,2018-10-17,0,4:00:00 PM,-122.8642,49.0484,2.1,2100
437,7,0,2018-10-18,0,12:00:00 AM,-122.8642,49.0484,,0
438,0,599,2018-10-18,1,8:00:00 AM,-122.8642,49.0484,4.99,4990
439,0,1299,2018-10-18,0,12:00:00 PM,-122.8642,49.0484,14.43,14430
440,2,840,2018-10-18,0,4:00:00 PM,-122.8642,49.0484,1.4,1400
441,7,0,2018-10-19,0,12:00:00 AM,-122.8642,49.0484,,0
442,0,468,2018-10-19,1,8:00:00 AM,-122.8642,49.0484,3.9,3900
443,0,1190,2018-10-19,0,12:00:00 PM,-122.8642,49.0484,13.22,13220
444,2,1140,2018-10-19,0,4:00:00 PM,-122.8642,49.0484,1.9,1900
445,7,0,2018-10-20,0,12:00:00 AM,-122.8642,49.0484,,0
446,0,632,2018-10-20,1,8:00:00 AM,-122.8642,49.0484,5.27,5270
447,0,771,2018-10-20,0,12:00:00 PM,-122.8642,49.0484,8.57,8570
448,2,1140,2018-10-20,0,4:00:00 PM,-122.8642,49.0484,1.9,1900
449,7,0,2018-10-21,0,12:00:00 AM,-122.8642,49.0484,,0
450,0,756,2018-10-21,1,8:00:00 AM,-122.8642,49.0484,6.3,6300
451,0,840,2018-10-21,0,12:00:00 PM,-122.8642,49.0484,9.33,9330
452,2,2040,2018-10-21,0,4:00:00 PM,-122.8642,49.0484,3.4,3400
453,7,0,2018-10-22,0,12:00:00 AM,-122.8642,49.0484,,0
454,0,593,2018-10-22,1,8:00:00 AM,-122.8642,49.0484,4.94,4940
455,0,1495,2018-10-22,0,12:00:00 PM,-122.8642,49.0484,16.61,16610
456,2,600,2018-10-22,0,4:00:00 PM,-122.8642,49.0484,1,1000
457,7,0,2018-10-23,0,12:00:00 AM,-122.8642,49.0484,,0
458,0,839,2018-10-23,1,8:00:00 AM,-122.8642,49.0484,6.99,6990
459,0,1589,2018-10-23,0,12:00:00 PM,-122.8642,49.0484,17.66,17660
460,2,900,2018-10-23,0,4:00:00 PM,-122.8642,49.0484,1.5,1500
461,7,0,2018-10-24,0,12:00:00 AM,-122.8642,49.0484,,0
462,0,164,2018-10-24,1,8:00:00 AM,-122.8642,49.0484,1.37,1370
463,0,1597,2018-10-24,0,12:00:00 PM,-122.8642,49.0484,17.74,17740
464,2,1140,2018-10-24,0,4:00:00 PM,-122.8642,49.0484,1.9,1900
465,7,0,2018-10-25,0,12:00:00 AM,-122.8642,49.0484,,0
466,0,146,2018-10-25,1,8:00:00 AM,-122.8642,49.0484,1.22,1220
467,0,1166,2018-10-25,0,12:00:00 PM,-122.8642,49.0484,12.95,12950
468,2,960,2018-10-25,0,4:00:00 PM,-122.8642,49.0484,1.6,1600
469,7,0,2018-10-26,0,12:00:00 AM,-122.8642,49.0484,,0
470,0,443,2018-10-26,1,8:00:00 AM,-122.8642,49.0484,3.69,3690
471,0,853,2018-10-26,0,12:00:00 PM,-122.8642,49.0484,9.48,9480
472,2,1380,2018-10-26,0,4:00:00 PM,-122.8642,49.0484,2.3,2300
473,7,0,2018-10-27,0,12:00:00 AM,-122.8642,49.0484,,0
474,0,521,2018-10-27,1,8:00:00 AM,-122.8642,49.0484,4.34,4340
475,0,1277,2018-10-27,0,12:00:00 PM,-122.8642,49.0484,14.19,14190
476,2,1680,2018-10-27,0,4:00:00 PM,-122.8642,49.0484,2.8,2800
477,7,0,2018-10-28,0,12:00:00 AM,-122.8642,49.0484,,0
478,0,847,2018-10-28,1,8:00:00 AM,-122.8642,49.0484,7.06,7060
479,0,1495,2018-10-28,0,12:00:00 PM,-122.8642,49.0484,16.61,16610
480,2,900,2018-10-28,0,4:00:00 PM,-122.8642,49.0484,1.5,1500
481,7,0,2018-10-29,0,12:00:00 AM,-122.8642,49.0484,,0
482,0,450,2018-10-29,1,8:00:00 AM,-122.8642,49.0484,3.75,3750
483,0,1603,2018-10-29,0,12:00:00 PM,-122.8642,49.0484,17.81,17810
484,2,1680,2018-10-29,0,4:00:00 PM,-122.8642,49.0484,2.8,2800
485,7,0,2018-10-30,0,12:00:00 AM,-122.8642,49.0484,,0
486,0,856,2018-10-30,1,8:00:00 AM,-122.8642,49.0484,7.13,7130
487,0,1133,2018-10-30,0,12:00:00 PM,-122.8642,49.0484,12.59,12590
488,2,300,2018-10-30,0,4:00:00 PM,-122.8642,49.0484,0.5,500
489,7,0,2018-10-31,0,12:00:00 AM,-122.8642,49.0484,,0
490,0,644,2018-10-31,1,8:00:00 AM,-122.8642,49.0484,5.37,5370
491,0,1379,2018-10-31,0,12:00:00 PM,-122.8642,49.0484,15.32,15320
492,2,420,2018-10-31,0,4:00:00 PM,-122.8642,49.0484,0.7,700
493,7,0,2018-11-01,0,12:00:00 AM,-122.8642,49.0484,,0
494,0,204,2018-11-01,1,8:00:00 AM,-122.8642,49.0484,1.7,1700
495,0,1470,2018-11-01,0,12:00:00 PM,-122.8642,49.0484,16.33,16330
496,2,1860,2018-11-01,0,4:00:00 PM,-122.8642,49.0484,3.1,3100
497,7,0,2018-11-02,0,12:00:00 AM,-122.8642,49.0484,,0
498,0,552,2018-11-02,1,8:00:00 AM,-122.8642,49.0484,4.6,4600
499,0,1266,2018-11-02,0,12:00:00 PM,-122.8642,49.0484,14.07,14070
500,2,2220,2018-11-02,0,4:00:00 PM,-122.8642,49.0484,3.7,3700
501,7,0,2018-11-03,0,12:00:00 AM,-122.8642,49.0484,,0
502,0,720,2018-11-03,1,8:00:00 AM,-122.8642,49.0484,6,6000
503,0,1466,2018-11-03,0,12:00:00 PM,-122.8642,49.0484,16.29,16290
504,2,960,2018-11-03,0,4:00:00 PM,-122.8642,49.0484,1.6,1600
505,7,0,2018-11-04,0,12:00:00 AM,-122.8642,49.0484,,0
506,0,229,2018-11-04,1,8:00:00 AM,-122.8642,49.0484,1.91,1910
507,0,1507,2018-11-04,0,12:00:00 PM,-122.8642,49.0484,16.74,16740
508,2,780,2018-11-04,0,4:00:00 PM,-122.8642,49.0484,1.3,1300
509,7,0,2018-11-05,0,12:00:00 AM,-122.8642,49.0484,,0
510,0,180,2018-11-05,1,8:00:00 AM,-122.8642,49.0484,1.5,1500
511,0,1731,2018-11-05,0,12:00:00 PM,-122.8642,49.0484,19.23,19230
512,2,1800,2018-11-05,0,4:00:00 PM,-122.8642,49.0484,3,3000
513,7,0,2018-11-06,0,12:00:00 AM,-122.8642,49.0484,,0
514,0,204,2018-11-06,1,8:00:00 AM,-122.8642,49.0484,1.7,1700
515,0,969,2018-11-06,0,12:00:00 PM,-122.8642,49.0484,10.77,10770
516,2,420,2018-11-06,0,4:00:00 PM,-122.8642,49.0484,0.7,700
517,7,0,2018-11-07,0,12:00:00 AM,-122.8642,49.0484,,0
518,0,505,2018-11-07,1,8:00:00 AM,-122.8642,49.0484,4.21,4210
519,0,871,2018-11-07,0,12:00:00 PM,-122.8642,49.0484,9.68,9680
520,2,2160,2018-11-07,0,4:00:00 PM,-122.8642,49.0484,3.6,3600
521,7,0,2018-11-08,0,12:00:00 AM,-122.8642,49.0484,,0
522,0,528,2018-11-08,1,8:00:00 AM,-122.8642,49.0484,4.4,4400
523,0,1494,2018-11-08,0,12:00:00 PM,-122.8642,49.0484,16.6,16600
524,2,660,2018-11-08,0,4:00:00 PM,-122.8642,49.0484,1.1,1100
525,7,0,2018-11-09,0,12:00:00 AM,-122.8642,49.0484,,0
526,0,220,2018-11-09,1,8:00:00 AM,-122.8642,49.0484,1.83,1830
527,0,1299,2018-11-09,0,12:00:00 PM,-122.8642,49.0484,14.43,14430
528,2,1260,2018-11-09,0,4:00:00 PM,-122.8642,49.0484,2.1,2100
529,7,0,2018-11-10,0,12:00:00 AM,-122.8642,49.0484,,0
530,0,818,2018-11-10,1,8:00:00 AM,-122.8642,49.0484,6.82,6820
531,0,1507,2018-11-10,0,12:00:00 PM,-122.8642,49.0484,16.74,16740
532,2,1020,2018-11-10,0,4:00:00 PM,-122.8642,49.0484,1.7,1700
533,7,0,2018-11-11,0,12:00:00 AM,-122.8642,49.0484,,0
534,0,209,2018-11-11,1,8:00:00 AM,-122.8642,49.0484,1.74,1740
535,0,1553,2018-11-11,0,12:00:00 PM,-122.8642,49.0484,17.25,17250
536,2,1500,2018-11-11,0,4:00:00 PM,-122.8642,49.0484,2.5,2500
537,7,0,2018-11-12,0,12:00:00 AM,-122.8642,49.0484,,0
538,0,454,2018-11-12,1,8:00:00 AM,-122.8642,49.0484,3.78,3780
539,0,1019,2018-11-12,0,12:00:00 PM,-122.8642,49.0484,11.32,11320
540,2,1320,2018-11-12,0,4:00:00 PM,-122.8642,49.0484,2.2,2200
541,7,0,2018-11-13,0,12:00:00 AM,-122.8642,49.0484,,0
542,0,497,2018-11-13,1,8:00:00 AM,-122.8642,49.0484,4.14,4140
543,0,763,2018-11-13,0,12:00:00 PM,-122.8642,49.0484,8.48,8480
544,2,1500,2018-11-13,0,4:00:00 PM,-122.8642,49.0484,2.5,2500
545,7,0,2018-11-14,0,12:00:00 AM,-122.8642,49.0484,,0
546,0,484,2018-11-14,1,8:00:00 AM,-122.8642,49.0484,4.03,4030
547,0,811,2018-11-14,0,12:00:00 PM,-122.8642,49.0484,9.01,9010
548,2,540,2018-11-14,0,4:00:00 PM,-122.8642,49.0484,0.9,900
549,7,0,2018-11-15,0,12:00:00 AM,-122.8642,49.0484,,0
550,0,545,2018-11-15,1,8:00:00 AM,-122.8642,49.0484,4.54,4540
551,0,1589,2018-11-15,0,12:00:00 PM,-122.8642,49.0484,17.66,17660
552,2,2160,2018-11-15,0,4:00:00 PM,-122.8642,49.0484,3.6,3600
553,7,0,2018-11-16,0,12:00:00 AM,-122.8642,49.0484,,0
554,0,512,2018-11-16,1,8:00:00 AM,-122.8642,49.0484,4.27,4270
555,0,894,2018-11-16,0,12:00:00 PM,-122.8642,49.0484,9.93,9930
556,2,1380,2018-11-16,0,4:00:00 PM,-122.8642,49.0484,2.3,2300
557,7,0,2018-11-17,0,12:00:00 AM,-122.8642,49.0484,,0
558,0,587,2018-11-17,1,8:00:00 AM,-122.8642,49.0484,4.89,4890
559,0,1738,2018-11-17,0,12:00:00 PM,-122.8642,49.0484,19.31,19310
560,2,540,2018-11-17,0,4:00:00 PM,-122.8642,49.0484,0.9,900
561,7,0,2018-11-18,0,12:00:00 AM,-122.8642,49.0484,,0
562,0,469,2018-11-18,1,8:00:00 AM,-122.8642,49.0484,3.91,3910
563,0,1121,2018-11-18,0,12:00:00 PM,-122.8642,49.0484,12.46,12460
564,2,2040,2018-11-18,0,4:00:00 PM,-122.8642,49.0484,3.4,3400
565,7,0,2018-11-19,0,12:00:00 AM,-122.8642,49.0484,,0
566,0,455,2018-11-19,1,8:00:00 AM,-122.8642,49.0484,3.79,3790
567,0,1421,2018-11-19,0,12:00:00 PM,-122.8642,49.0484,15.79,15790
568,2,600,2018-11-19,0,4:00:00 PM,-122.8642,49.0484,1,1000
569,7,0,2018-11-20,0,12:00:00 AM,-122.8642,49.0484,,0
570,0,306,2018-11-20,1,8:00:00 AM,-122.8642,49.0484,2.55,2550
571,0,800,2018-11-20,0,12:00:00 PM,-122.8642,49.0484,8.89,8890
572,2,960,2018-11-20,0,4:00:00 PM,-122.8642,49.0484,1.6,1600
573,7,0,2018-11-21,0,12:00:00 AM,-122.8642,49.0484,,0
574,0,259,2018-11-21,1,8:00:00 AM,-122.8642,49.0484,2.16,2160
575,0,1562,2018-11-21,0,12:00:00 PM,-122.8642,49.0484,17.36,17360
576,2,2220,2018-11-21,0,4:00:00 PM,-122.8642,49.0484,3.7,3700
577,7,0,2018-11-22,0,12:00:00 AM,-122.8642,49.0484,,0
578,0,548,2018-11-22,1,8:00:00 AM,-122.8642,49.0484,4.57,4570
579,0,791,2018-11-22,0,12:00:00 PM,-122.8642,49.0484,8.79,8790
580,2,1140,2018-11-22,0,4:00:00 PM,-122.8642,49.0484,1.9,1900
581,7,0,2018-11-23,0,12:00:00 AM,-122.8642,49.0484,,0
582,0,265,2018-11-23,1,8:00:00 AM,-122.8642,49.0484,2.21,2210
583,0,1695,2018-11-23,0,12:00:00 PM,-122.8642,49.0484,18.83,18830
584,2,720,2018-11-23,0,4:00:00 PM,-122.8642,49.0484,1.2,1200
585,7,0,2018-11-24,0,12:00:00 AM,-122.8642,49.0484,,0
586,0,792,2018-11-24,1,8:00:00 AM,-122.8642,49.0484,6.6,6600
587,0,1567,2018-11-24,0,12:00:00 PM,-122.8642,49.0484,17.41,17410
588,2,2280,2018-11-24,0,4:00:00 PM,-122.8642,49.0484,3.8,3800
589,7,0,2018-11-25,0,12:00:00 AM,-122.8642,49.0484,,0
590,0,346,2018-11-25,1,8:00:00 AM,-122.8642,49.0484,2.88,2880
591,0,1661,2018-11-25,0,12:00:00 PM,-122.8642,49.0484,18.45,18450
592,2,2160,2018-11-25,0,4:00:00 PM,-122.8642,49.0484,3.6,3600
593,7,0,2018-11-26,0,12:00:00 AM,-122.8642,49.0484,,0
594,0,124,2018-11-26,1,8:00:00 AM,-122.8642,49.0484,1.03,1030
595,0,1343,2018-11-26,0,12:00:00 PM,-122.8642,49.0484,14.92,14920
596,2,2400,2018-11-26,0,4:00:00 PM,-122.8642,49.0484,4,4000
597,7,0,2018-11-27,0,12:00:00 AM,-122.8642,49.0484,,0
598,0,845,2018-11-27,1,8:00:00 AM,-122.8642,49.0484,7.04,7040
599,0,1443,2018-11-27,0,12:00:00 PM,-122.8642,49.0484,16.03,16030
600,2,300,2018-11-27,0,4:00:00 PM,-122.8642,49.0484,0.5,500
601,7,0,2018-11-28,0,12:00:00 AM,-122.8642,49.0484,,0
602,0,202,2018-11-28,1,8:00:00 AM,-122.8642,49.0484,1.68,1680
603,0,762,2018-11-28,0,12:00:00 PM,-122.8642,49.0484,8.47,8470
604,2,1800,2018-11-28,0,4:00:00 PM,-122.8642,49.0484,3,3000
605,7,0,2018-11-29,0,12:00:00 AM,-122.8642,49.0484,,0
606,0,818,2018-11-29,1,8:00:00 AM,-122.8642,49.0484,6.82,6820
607,0,1287,2018-11-29,0,12:00:00 PM,-122.8642,49.0484,14.3,14300
608,2,480,2018-11-29,0,4:00:00 PM,-122.8642,49.0484,0.8,800
609,7,0,2018-11-30,0,12:00:00 AM,-122.8642,49.0484,,0
610,0,470,2018-11-30,1,8:00:00 AM,-122.8642,49.0484,3.92,3920
611,0,1260,2018-11-30,0,12:00:00 PM,-122.8642,49.0484,14,14000
612,2,480,2018-11-30,0,4:00:00 PM,-122.8642,49.0484,0.8,800
613,7,0,2018-12-01,0,12:00:00 AM,-122.8642,49.0484,,0
614,0,702,2018-12-01,1,8:00:00 AM,-122.8642,49.0484,5.85,5850
615,0,755,2018-12-01,0,12:00:00 PM,-122.8642,49.0484,8.39,8390
616,2,420,2018-12-01,0,4:00:00 PM,-122.8642,49.0484,0.7,700
617,7,0,2018-12-02,0,12:00:00 AM,-122.8642,49.0484,,0
618,0,367,2018-12-02,1,8:00:00 AM,-122.8642,49.0484,3.06,3060
619,0,1138,2018-12-02,0,12:00:00 PM,-122.8642,49.0484,12.64,12640
620,2,420,2018-12-02,0,4:00:00 PM,-122.8642,49.0484,0.7,700
621,7,0,2018-12-03,0,12:00:00 AM,-122.8642,49.0484,,0
622,0,516,2018-12-03,1,8:00:00 AM,-122.8642,49.0484,4.3,4300
623,0,683,2018-12-03,0,12:00:00 PM,-122.8642,49.0484,7.59,7590
624,2,900,2018-12-03,0,4:00:00 PM,-122.8642,49.0484,1.5,1500
625,7,0,2018-12-04,0,12:00:00 AM,-122.8642,49.0484,,0
626,0,364,2018-12-04,1,8:00:00 AM,-122.8642,49.0484,3.03,3030
627,0,1210,2018-12-04,0,12:00:00 PM,-122.8642,49.0484,13.44,13440
628,2,1920,2018-12-04,0,4:00:00 PM,-122.8642,49.0484,3.2,3200
629,7,0,2018-12-05,0,12:00:00 AM,-122.8642,49.0484,,0
630,0,608,2018-12-05,1,8:00:00 AM,-122.8642,49.0484,5.07,5070
631,0,1336,2018-12-05,0,12:00:00 PM,-122.8642,49.0484,14.84,14840
632,2,600,2018-12-05,0,4:00:00 PM,-122.8642,49.0484,1,1000
633,7,0,2018-12-06,0,12:00:00 AM,-122.8642,49.0484,,0
634,0,142,2018-12-06,1,8:00:00 AM,-122.8642,49.0484,1.18,1180
635,0,860,2018-12-06,0,12:00:00 PM,-122.8642,49.0484,9.56,9560
636,2,1740,2018-12-06,0,4:00:00 PM,-122.8642,49.0484,2.9,2900
637,7,0,2018-12-07,0,12:00:00 AM,-122.8642,49.0484,,0
638,0,582,2018-12-07,1,8:00:00 AM,-122.8642,49.0484,4.85,4850
639,0,1287,2018-12-07,0,12:00:00 PM,-122.8642,49.0484,14.3,14300
640,2,2160,2018-12-07,0,4:00:00 PM,-122.8642,49.0484,3.6,3600
641,7,0,2018-12-08,0,12:00:00 AM,-122.8642,49.0484,,0
642,0,137,2018-12-08,1,8:00:00 AM,-122.8642,49.0484,1.14,1140
643,0,1781,2018-12-08,0,12:00:00 PM,-122.8642,49.0484,19.79,19790
644,2,2400,2018-12-08,0,4:00:00 PM,-122.8642,49.0484,4,4000
645,7,0,2018-12-09,0,12:00:00 AM,-122.8642,49.0484,,0
646,0,860,2018-12-09,1,8:00:00 AM,-122.8642,49.0484,7.17,7170
647,0,1153,2018-12-09,0,12:00:00 PM,-122.8642,49.0484,12.81,12810
648,2,660,2018-12-09,0,4:00:00 PM,-122.8642,49.0484,1.1,1100
649,7,0,2018-12-10,0,12:00:00 AM,-122.8642,49.0484,,0
650,0,599,2018-12-10,1,8:00:00 AM,-122.8642,49.0484,4.99,4990
651,0,1749,2018-12-10,0,12:00:00 PM,-122.8642,49.0484,19.43,19430
652,2,1380,2018-12-10,0,4:00:00 PM,-122.8642,49.0484,2.3,2300
653,7,0,2018-12-11,0,12:00:00 AM,-122.8642,49.0484,,0
654,0,180,2018-12-11,1,8:00:00 AM,-122.8642,49.0484,1.5,1500
655,0,1113,2018-12-11,0,12:00:00 PM,-122.8642,49.0484,12.37,12370
656,2,1620,2018-12-11,0,4:00:00 PM,-122.8642,49.0484,2.7,2700
657,7,0,2018-12-12,0,12:00:00 AM,-122.8642,49.0484,,0
658,0,728,2018-12-12,1,8:00:00 AM,-122.8642,49.0484,6.07,6070
659,0,716,2018-12-12,0,12:00:00 PM,-122.8642,49.0484,7.96,7960
660,2,960,2018-12-12,0,4:00:00 PM,-122.8642,49.0484,1.6,1600
661,7,0,2018-12-13,0,12:00:00 AM,-122.8642,49.0484,,0
662,0,444,2018-12-13,1,8:00:00 AM,-122.8642,49.0484,3.7,3700
663,0,1507,2018-12-13,0,12:00:00 PM,-122.8642,49.0484,16.74,16740
664,2,1860,2018-12-13,0,4:00:00 PM,-122.8642,49.0484,3.1,3100
665,7,0,2018-12-14,0,12:00:00 AM,-122.8642,49.0484,,0
666,0,732,2018-12-14,1,8:00:00 AM,-122.8642,49.0484,6.1,6100
667,0,1031,2018-12-14,0,12:00:00 PM,-122.8642,49.0484,11.45,11450
668,2,480,2018-12-14,0,4:00:00 PM,-122.8642,49.0484,0.8,800
669,7,0,2018-12-15,0,12:00:00 AM,-122.8642,49.0484,,0
670,0,538,2018-12-15,1,8:00:00 AM,-122.8642,49.0484,4.48,4480
671,0,1664,2018-12-15,0,12:00:00 PM,-122.8642,49.0484,18.49,18490
672,2,1200,2018-12-15,0,4:00:00 PM,-122.8642,49.0484,2,2000
673,7,0,2018-12-16,0,12:00:00 AM,-122.8642,49.0484,,0
674,0,311,2018-12-16,1,8:00:00 AM,-122.8642,49.0484,2.59,2590
675,0,1559,2018-12-16,0,12:00:00 PM,-122.8642,49.0484,17.32,17320
676,2,600,2018-12-16,0,4:00:00 PM,-122.8642,49.0484,1,1000
677,7,0,2018-12-17,0,12:00:00 AM,-122.8642,49.0484,,0
678,0,896,2018-12-17,1,8:00:00 AM,-122.8642,49.0484,7.47,7470
679,0,999,2018-12-17,0,12:00:00 PM,-122.8642,49.0484,11.1,11100
680,2,1140,2018-12-17,0,4:00:00 PM,-122.8642,49.0484,1.9,1900
681,7,0,2018-12-18,0,12:00:00 AM,-122.8642,49.0484,,0
682,0,499,2018-12-18,1,8:00:00 AM,-122.8642,49.0484,4.16,4160
683,0,1149,2018-12-18,0,12:00:00 PM,-122.8642,49.0484,12.77,12770
684,2,960,2018-12-18,0,4:00:00 PM,-122.8642,49.0484,1.6,1600
685,7,0,2018-12-19,0,12:00:00 AM,-122.8642,49.0484,,0
686,0,864,2018-12-19,1,8:00:00 AM,-122.8642,49.0484,7.2,7200
687,0,984,2018-12-19,0,12:00:00 PM,-122.8642,49.0484,10.93,10930
688,2,1620,2018-12-19,0,4:00:00 PM,-122.8642,49.0484,2.7,2700
689,7,0,2018-12-20,0,12:00:00 AM,-122.8642,49.0484,,0
690,0,570,2018-12-20,1,8:00:00 AM,-122.8642,49.0484,4.75,4750
691,0,1788,2018-12-20,0,12:00:00 PM,-122.8642,49.0484,19.87,19870
692,2,2280,2018-12-20,0,4:00:00 PM,-122.8642,49.0484,3.8,3800
693,7,0,2018-12-21,0,12:00:00 AM,-122.8642,49.0484,,0
694,0,570,2018-12-21,1,8:00:00 AM,-122.8642,49.0484,4.75,4750
695,0,869,2018-12-21,0,12:00:00 PM,-122.8642,49.0484,9.66,9660
696,2,420,2018-12-21,0,4:00:00 PM,-122.8642,49.0484,0.7,700
697,7,0,2018-12-22,0,12:00:00 AM,-122.8642,49.0484,,0
698,0,251,2018-12-22,1,8:00:00 AM,-122.8642,49.0484,2.09,2090
699,0,887,2018-12-22,0,12:00:00 PM,-122.8642,49.0484,9.85,9850
700,2,2340,2018-12-22,0,4:00:00 PM,-122.8642,49.0484,3.9,3900
701,7,0,2018-12-23,0,12:00:00 AM,-122.8642,49.0484,,0
702,0,565,2018-12-23,1,8:00:00 AM,-122.8642,49.0484,4.71,4710
703,0,1691,2018-12-23,0,12:00:00 PM,-122.8642,49.0484,18.79,18790
704,2,1500,2018-12-23,0,4:00:00 PM,-122.8642,49.0484,2.5,2500
705,7,0,2018-12-24,0,12:00:00 AM,-122.8642,49.0484,,0
706,0,470,2018-12-24,1,8:00:00 AM,-122.8642,49.0484,3.92,3920
707,0,820,2018-12-24,0,12:00:00 PM,-122.8642,49.0484,9.11,9110
708,2,2340,2018-12-24,0,4:00:00 PM,-122.8642,49.0484,3.9,3900
709,7,0,2018-12-25,0,12:00:00 AM,-122.8642,49.0484,,0
710,0,148,2018-12-25,1,8:00:00 AM,-122.8642,49.0484,1.23,1230
711,0,1760,2018-12-25,0,12:00:00 PM,-122.8642,49.0484,19.56,19560
712,2,2100,2018-12-25,0,4:00:00 PM,-122.8642,49.0484,3.5,3500
713,7,0,2018-12-26,0,12:00:00 AM,-122.8642,49.0484,,0
714,0,674,2018-12-26,1,8:00:00 AM,-122.8642,49.0484,5.62,5620
715,0,822,2018-12-26,0,12:00:00 PM,-122.8642,49.0484,9.13,9130
716,2,1380,2018-12-26,0,4:00:00 PM,-122.8642,49.0484,2.3,2300
717,7,0,2018-12-27,0,12:00:00 AM,-122.8642,49.0484,,0
718,0,748,2018-12-27,1,8:00:00 AM,-122.8642,49.0484,6.23,6230
719,0,815,2018-12-27,0,12:00:00 PM,-122.8642,49.0484,9.06,9060
720,2,720,2018-12-27,0,4:00:00 PM,-122.8642,49.0484,1.2,1200
721,7,0,2018-12-28,0,12:00:00 AM,-122.8642,49.0484,,0
722,0,390,2018-12-28,1,8:00:00 AM,-122.8642,49.0484,3.25,3250
723,0,1744,2018-12-28,0,12:00:00 PM,-122.8642,49.0484,19.38,19380
724,2,420,2018-12-28,0,4:00:00 PM,-122.8642,49.0484,0.7,700
725,7,0,2018-12-29,0,12:00:00 AM,-122.8642,49.0484,,0
726,0,796,2018-12-29,1,8:00:00 AM,-122.8642,49.0484,6.63,6630
727,0,1452,2018-12-29,0,12:00:00 PM,-122.8642,49.0484,16.13,16130
728,2,420,2018-12-29,0,4:00:00 PM,-122.8642,49.0484,0.7,700
729,7,0,2018-12-30,0,12:00:00 AM,-122.8642,49.0484,,0
730,0,764,2018-12-30,1,8:00:00 AM,-122.8642,49.0484,6.37,6370
731,0,993,2018-12-30,0,12:00:00 PM,-122.8642,49.0484,11.03,11030
732,2,1740,2018-12-30,0,4:00:00 PM,-122.8642,49.0484,2.9,2900
733,7,0,2018-12-31,0,12:00:00 AM,-122.8642,49.0484,,0
734,0,713,2018-12-31,1,8:00:00 AM,-122.8642,49.0484,5.94,5940
735,0,931,2018-12-31,0,12:00:00 PM,-122.8642,49.0484,10.34,10340
736,2,900,2018-12-31,0,4:00:00 PM,-122.8642,49.0484,1.5,1500
737,7,0,2019-01-01,0,12:00:00 AM,-122.8642,49.0484,,0
738,0,811,2019-01-01,1,8:00:00 AM,-122.8642,49.0484,6.76,6760
739,0,993,2019-01-01,0,12:00:00 PM,-122.8642,49.0484,11.03,11030
740,2,2100,2019-01-01,0,4:00:00 PM,-122.8642,49.0484,3.5,3500
741,7,0,2019-01-02,0,12:00:00 AM,-122.8642,49.0484,,0
742,0,494,2019-01-02,1,8:00:00 AM,-122.8642,49.0484,4.12,4120
743,0,1113,2019-01-02,0,12:00:00 PM,-122.8642,49.0484,12.37,12370
744,2,1380,2019-01-02,0,4:00:00 PM,-122.8642,49.0484,2.3,2300
745,7,0,2019-01-03,0,12:00:00 AM,-122.8642,49.0484,,0
746,0,800,2019-01-03,1,8:00:00 AM,-122.8642,49.0484,6.67,6670
747,0,719,2019-01-03,0,12:00:00 PM,-122.8642,49.0484,7.99,7990
748,2,2160,2019-01-03,0,4:00:00 PM,-122.8642,49.0484,3.6,3600
749,7,0,2019-01-04,0,12:00:00 AM,-122.8642,49.0484,,0
750,0,224,2019-01-04,1,8:00:00 AM,-122.8642,49.0484,1.87,1870
751,0,1262,2019-01-04,0,12:00:00 PM,-122.8642,49.0484,14.02,14020
752,2,780,2019-01-04,0,4:00:00 PM,-122.8642,49.0484,1.3,1300
753,7,0,2019-01-05,0,12:00:00 AM,-122.8642,49.0484,,0
754,0,700,2019-01-05,1,8:00:00 AM,-122.8642,49.0484,5.83,5830
755,0,1654,2019-01-05,0,12:00:00 PM,-122.8642,49.0484,18.38,18380
756,2,540,2019-01-05,0,4:00:00 PM,-122.8642,49.0484,0.9,900
757,7,0,2019-01-06,0,12:00:00 AM,-122.8642,49.0484,,0
758,0,138,2019-01-06,1,8:00:00 AM,-122.8642,49.0484,1.15,1150
759,0,862,2019-01-06,0,12:00:00 PM,-122.8642,49.0484,9.58,9580
760,2,1560,2019-01-06,0,4:00:00 PM,-122.8642,49.0484,2.6,2600
761,7,0,2019-01-07,0,12:00:00 AM,-122.8642,49.0484,,0
762,0,888,2019-01-07,1,8:00:00 AM,-122.8642,49.0484,7.4,7400
763,0,936,2019-01-07,0,12:00:00 PM,-122.8642,49.0484,10.4,10400
764,2,540,2019-01-07,0,4:00:00 PM,-122.8642,49.0484,0.9,900
765,7,0,2019-01-08,0,12:00:00 AM,-122.8642,49.0484,,0
766,0,833,2019-01-08,1,8:00:00 AM,-122.8642,49.0484,6.94,6940
767,0,1162,2019-01-08,0,12:00:00 PM,-122.8642,49.0484,12.91,12910
768,2,1620,2019-01-08,0,4:00:00 PM,-122.8642,49.0484,2.7,2700
769,7,0,2019-01-09,0,12:00:00 AM,-122.8642,49.0484,,0
770,0,452,2019-01-09,1,8:00:00 AM,-122.8642,49.0484,3.77,3770
771,0,1501,2019-01-09,0,12:00:00 PM,-122.8642,49.0484,16.68,16680
772,2,900,2019-01-09,0,4:00:00 PM,-122.8642,49.0484,1.5,1500
773,7,0,2019-01-10,0,12:00:00 AM,-122.8642,49.0484,,0
774,0,742,2019-01-10,1,8:00:00 AM,-122.8642,49.0484,6.18,6180
775,0,773,2019-01-10,0,12:00:00 PM,-122.8642,49.0484,8.59,8590
776,2,2100,2019-01-10,0,4:00:00 PM,-122.8642,49.0484,3.5,3500
777,7,0,2019-01-11,0,12:00:00 AM,-122.8642,49.0484,,0
778,0,553,2019-01-11,1,8:00:00 AM,-122.8642,49.0484,4.61,4610
779,0,1041,2019-01-11,0,12:00:00 PM,-122.8642,49.0484,11.57,11570
780,2,1920,2019-01-11,0,4:00:00 PM,-122.8642,49.0484,3.2,3200
781,7,0,2019-01-12,0,12:00:00 AM,-122.8642,49.0484,,0
782,0,272,2019-01-12,1,8:00:00 AM,-122.8642,49.0484,2.27,2270
783,0,1029,2019-01-12,0,12:00:00 PM,-122.8642,49.0484,11.43,11430
784,2,2040,2019-01-12,0,4:00:00 PM,-122.8642,49.0484,3.4,3400
785,7,0,2019-01-13,0,12:00:00 AM,-122.8642,49.0484,,0
786,0,572,2019-01-13,1,8:00:00 AM,-122.8642,49.0484,4.77,4770
787,0,1224,2019-01-13,0,12:00:00 PM,-122.8642,49.0484,13.6,13600
788,2,540,2019-01-13,0,4:00:00 PM,-122.8642,49.0484,0.9,900
789,7,0,2019-01-14,0,12:00:00 AM,-122.8642,49.0484,,0
790,0,576,2019-01-14,1,8:00:00 AM,-122.8642,49.0484,4.8,4800
791,0,1766,2019-01-14,0,12:00:00 PM,-122.8642,49.0484,19.62,19620
792,2,960,2019-01-14,0,4:00:00 PM,-122.8642,49.0484,1.6,1600
793,7,0,2019-01-15,0,12:00:00 AM,-122.8642,49.0484,,0
794,0,623,2019-01-15,1,8:00:00 AM,-122.8642,49.0484,5.19,5190
795,0,981,2019-01-15,0,12:00:00 PM,-122.8642,49.0484,10.9,10900
796,2,1560,2019-01-15,0,4:00:00 PM,-122.8642,49.0484,2.6,2600
797,7,0,2019-01-16,0,12:00:00 AM,-122.8642,49.0484,,0
798,0,365,2019-01-16,1,8:00:00 AM,-122.8642,49.0484,3.04,3040
799,0,1154,2019-01-16,0,12:00:00 PM,-122.8642,49.0484,12.82,12820
800,2,720,2019-01-16,0,4:00:00 PM,-122.8642,49.0484,1.2,1200
801,7,0,2019-01-17,0,12:00:00 AM,-122.8642,49.0484,,0
802,0,359,2019-01-17,1,8:00:00 AM,-122.8642,49.0484,2.99,2990
803,0,1192,2019-01-17,0,12:00:00 PM,-122.8642,49.0484,13.24,13240
804,2,2040,2019-01-17,0,4:00:00 PM,-122.8642,49.0484,3.4,3400
805,7,0,2019-01-18,0,12:00:00 AM,-122.8642,49.0484,,0
806,0,271,2019-01-18,1,8:00:00 AM,-122.8642,49.0484,2.26,2260
807,0,869,2019-01-18,0,12:00:00 PM,-122.8642,49.0484,9.66,9660
808,2,1740,2019-01-18,0,4:00:00 PM,-122.8642,49.0484,2.9,2900
809,7,0,2019-01-19,0,12:00:00 AM,-122.8642,49.0484,,0
810,0,523,2019-01-19,1,8:00:00 AM,-122.8642,49.0484,4.36,4360
811,0,1036,2019-01-19,0,12:00:00 PM,-122.8642,49.0484,11.51,11510
812,2,1020,2019-01-19,0,4:00:00 PM,-122.8642,49.0484,1.7,1700
813,7,0,2019-01-20,0,12:00:00 AM,-122.8642,49.0484,,0
814,0,407,2019-01-20,1,8:00:00 AM,-122.8642,49.0484,3.39,3390
815,0,1279,2019-01-20,0,12:00:00 PM,-122.8642,49.0484,14.21,14210
816,2,2280,2019-01-20,0,4:00:00 PM,-122.8642,49.0484,3.8,3800
817,7,0,2019-01-21,0,12:00:00 AM,-122.8642,49.0484,,0
818,0,544,2019-01-21,1,8:00:00 AM,-122.8642,49.0484,4.53,4530
819,0,884,2019-01-21,0,12:00:00 PM,-122.8642,49.0484,9.82,9820
820,2,840,2019-01-21,0,4:00:00 PM,-122.8642,49.0484,1.4,1400
821,7,0,2019-01-22,0,12:00:00 AM,-122.8642,49.0484,,0
822,0,342,2019-01-22,1,8:00:00 AM,-122.8642,49.0484,2.85,2850
823,0,1573,2019-01-22,0,12:00:00 PM,-122.8642,49.0484,17.48,17480
824,2,360,2019-01-22,0,4:00:00 PM,-122.8642,49.0484,0.6,600
825,7,0,2019-01-23,0,12:00:00 AM,-122.8642,49.0484,,0
826,0,737,2019-01-23,1,8:00:00 AM,-122.8642,49.0484,6.14,6140
827,0,1484,2019-01-23,0,12:00:00 PM,-122.8642,49.0484,16.49,16490
828,2,1500,2019-01-23,0,4:00:00 PM,-122.8642,49.0484,2.5,2500
829,7,0,2019-01-24,0,12:00:00 AM,-122.8642,49.0484,,0
830,0,683,2019-01-24,1,8:00:00 AM,-122.8642,49.0484,5.69,5690
831,0,1187,2019-01-24,0,12:00:00 PM,-122.8642,49.0484,13.19,13190
832,2,420,2019-01-24,0,4:00:00 PM,-122.8642,49.0484,0.7,700
833,7,0,2019-01-25,0,12:00:00 AM,-122.8642,49.0484,,0
834,0,803,2019-01-25,1,8:00:00 AM,-122.8642,49.0484,6.69,6690
835,0,1715,2019-01-25,0,12:00:00 PM,-122.8642,49.0484,19.05,19050
836,2,1800,2019-01-25,0,4:00:00 PM,-122.8642,49.0484,3,3000
837,7,0,2019-01-26,0,12:00:00 AM,-122.8642,49.0484,,0
838,0,256,2019-01-26,1,8:00:00 AM,-122.8642,49.0484,2.13,2130
839,0,1209,2019-01-26,0,12:00:00 PM,-122.8642,49.0484,13.43,13430
840,2,1860,2019-01-26,0,4:00:00 PM,-122.8642,49.0484,3.1,3100
841,7,0,2019-01-27,0,12:00:00 AM,-122.8642,49.0484,,0
842,0,144,2019-01-27,1,8:00:00 AM,-122.8642,49.0484,1.2,1200
843,0,818,2019-01-27,0,12:00:00 PM,-122.8642,49.0484,9.09,9090
844,2,1380,2019-01-27,0,4:00:00 PM,-122.8642,49.0484,2.3,2300
845,7,0,2019-01-28,0,12:00:00 AM,-122.8642,49.0484,,0
846,0,686,2019-01-28,1,8:00:00 AM,-122.8642,49.0484,5.72,5720
847,0,1094,2019-01-28,0,12:00:00 PM,-122.8642,49.0484,12.16,12160
848,2,1260,2019-01-28,0,4:00:00 PM,-122.8642,49.0484,2.1,2100
849,7,0,2019-01-29,0,12:00:00 AM,-122.8642,49.0484,,0
850,0,608,2019-01-29,1,8:00:00 AM,-122.8642,49.0484,5.07,5070
851,0,1623,2019-01-29,0,12:00:00 PM,-122.8642,49.0484,18.03,18030
852,2,1920,2019-01-29,0,4:00:00 PM,-122.8642,49.0484,3.2,3200
853,7,0,2019-01-30,0,12:00:00 AM,-122.8642,49.0484,,0
854,0,658,2019-01-30,1,8:00:00 AM,-122.8642,49.0484,5.48,5480
855,0,1129,2019-01-30,0,12:00:00 PM,-122.8642,49.0484,12.54,12540
856,2,1980,2019-01-30,0,4:00:00 PM,-122.8642,49.0484,3.3,3300
857,7,0,2019-01-31,0,12:00:00 AM,-122.8642,49.0484,,0
858,0,630,2019-01-31,1,8:00:00 AM,-122.8642,49.0484,5.25,5250
859,0,1313,2019-01-31,0,12:00:00 PM,-122.8642,49.0484,14.59,14590
860,2,420,2019-01-31,0,4:00:00 PM,-122.8642,49.0484,0.7,700
861,7,0,2019-02-01,0,12:00:00 AM,-122.8642,49.0484,,0
862,0,636,2019-02-01,1,8:00:00 AM,-122.8642,49.0484,5.3,5300
863,0,1471,2019-02-01,0,12:00:00 PM,-122.8642,49.0484,16.34,16340
864,2,1200,2019-02-01,0,4:00:00 PM,-122.8642,49.0484,2,2000
865,7,0,2019-02-02,0,12:00:00 AM,-122.8642,49.0484,,0
866,0,802,2019-02-02,1,8:00:00 AM,-122.8642,49.0484,6.68,6680
867,0,821,2019-02-02,0,12:00:00 PM,-122.8642,49.0484,9.12,9120
868,2,780,2019-02-02,0,4:00:00 PM,-122.8642,49.0484,1.3,1300
869,7,0,2019-02-03,0,12:00:00 AM,-122.8642,49.0484,,0
870,0,330,2019-02-03,1,8:00:00 AM,-122.8642,49.0484,2.75,2750
871,0,815,2019-02-03,0,12:00:00 PM,-122.8642,49.0484,9.05,9050
872,2,600,2019-02-03,0,4:00:00 PM,-122.8642,49.0484,1,1000
873,7,0,2019-02-04,0,12:00:00 AM,-122.8642,49.0484,,0
874,0,829,2019-02-04,1,8:00:00 AM,-122.8642,49.0484,6.91,6910
875,0,1049,2019-02-04,0,12:00:00 PM,-122.8642,49.0484,11.66,11660
876,2,660,2019-02-04,0,4:00:00 PM,-122.8642,49.0484,1.1,1100
877,7,0,2019-02-05,0,12:00:00 AM,-122.8642,49.0484,,0
878,0,407,2019-02-05,1,8:00:00 AM,-122.8642,49.0484,3.39,3390
879,0,1310,2019-02-05,0,12:00:00 PM,-122.8642,49.0484,14.55,14550
880,2,1500,2019-02-05,0,4:00:00 PM,-122.8642,49.0484,2.5,2500
881,7,0,2019-02-06,0,12:00:00 AM,-122.8642,49.0484,,0
882,0,536,2019-02-06,1,8:00:00 AM,-122.8642,49.0484,4.47,4470
883,0,1121,2019-02-06,0,12:00:00 PM,-122.8642,49.0484,12.46,12460
884,2,2040,2019-02-06,0,4:00:00 PM,-122.8642,49.0484,3.4,3400
885,7,0,2019-02-07,0,12:00:00 AM,-122.8642,49.0484,,0
886,0,685,2019-02-07,1,8:00:00 AM,-122.8642,49.0484,5.71,5710
887,0,950,2019-02-07,0,12:00:00 PM,-122.8642,49.0484,10.55,10550
888,2,2280,2019-02-07,0,4:00:00 PM,-122.8642,49.0484,3.8,3800
889,7,0,2019-02-08,0,12:00:00 AM,-122.8642,49.0484,,0
890,0,356,2019-02-08,1,8:00:00 AM,-122.8642,49.0484,2.97,2970
891,0,1738,2019-02-08,0,12:00:00 PM,-122.8642,49.0484,19.31,19310
892,2,960,2019-02-08,0,4:00:00 PM,-122.8642,49.0484,1.6,1600
893,7,0,2019-02-09,0,12:00:00 AM,-122.8642,49.0484,,0
894,0,586,2019-02-09,1,8:00:00 AM,-122.8642,49.0484,4.88,4880
895,0,975,2019-02-09,0,12:00:00 PM,-122.8642,49.0484,10.83,10830
896,2,600,2019-02-09,0,4:00:00 PM,-122.8642,49.0484,1,1000
897,7,0,2019-02-10,0,12:00:00 AM,-122.8642,49.0484,,0
898,0,640,2019-02-10,1,8:00:00 AM,-122.8642,49.0484,5.33,5330
899,0,1661,2019-02-10,0,12:00:00 PM,-122.8642,49.0484,18.45,18450
900,2,720,2019-02-10,0,4:00:00 PM,-122.8642,49.0484,1.2,1200
901,7,0,2019-02-11,0,12:00:00 AM,-122.8642,49.0484,,0
902,0,258,2019-02-11,1,8:00:00 AM,-122.8642,49.0484,2.15,2150
903,0,1172,2019-02-11,0,12:00:00 PM,-122.8642,49.0484,13.02,13020
904,2,2280,2019-02-11,0,4:00:00 PM,-122.8642,49.0484,3.8,3800
905,7,0,2019-02-12,0,12:00:00 AM,-122.8642,49.0484,,0
906,0,857,2019-02-12,1,8:00:00 AM,-122.8642,49.0484,7.14,7140
907,0,1712,2019-02-12,0,12:00:00 PM,-122.8642,49.0484,19.02,19020
908,2,960,2019-02-12,0,4:00:00 PM,-122.8642,49.0484,1.6,1600
909,7,0,2019-02-13,0,12:00:00 AM,-122.8642,49.0484,,0
910,0,725,2019-02-13,1,8:00:00 AM,-122.8642,49.0484,6.04,6040
911,0,1478,2019-02-13,0,12:00:00 PM,-122.8642,49.0484,16.42,16420
912,2,960,2019-02-13,0,4:00:00 PM,-122.8642,49.0484,1.6,1600
913,7,0,2019-02-14,0,12:00:00 AM,-122.8642,49.0484,,0
914,0,680,2019-02-14,1,8:00:00 AM,-122.8642,49.0484,5.67,5670
915,0,1057,2019-02-14,0,12:00:00 PM,-122.8642,49.0484,11.74,11740
916,2,2340,2019-02-14,0,4:00:00 PM,-122.8642,49.0484,3.9,3900
917,7,0,2019-02-15,0,12:00:00 AM,-122.8642,49.0484,,0
918,0,140,2019-02-15,1,8:00:00 AM,-122.8642,49.0484,1.17,1170
919,0,691,2019-02-15,0,12:00:00 PM,-122.8642,49.0484,7.68,7680
920,2,840,2019-02-15,0,4:00:00 PM,-122.8642,49.0484,1.4,1400
921,7,0,2019-02-16,0,12:00:00 AM,-122.8642,49.0484,,0
922,0,187,2019-02-16,1,8:00:00 AM,-122.8642,49.0484,1.56,1560
923,0,724,2019-02-16,0,12:00:00 PM,-122.8642,49.0484,8.04,8040
924,2,1080,2019-02-16,0,4:00:00 PM,-122.8642,49.0484,1.8,1800
925,7,0,2019-02-17,0,12:00:00 AM,-122.8642,49.0484,,0
926,0,416,2019-02-17,1,8:00:00 AM,-122.8642,49.0484,3.47,3470
927,0,1384,2019-02-17,0,12:00:00 PM,-122.8642,49.0484,15.38,15380
928,2,2040,2019-02-17,0,4:00:00 PM,-122.8642,49.0484,3.4,3400
929,7,0,2019-02-18,0,12:00:00 AM,-122.8642,49.0484,,0
930,0,637,2019-02-18,1,8:00:00 AM,-122.8642,49.0484,5.31,5310
931,0,1452,2019-02-18,0,12:00:00 PM,-122.8642,49.0484,16.13,16130
932,2,1380,2019-02-18,0,4:00:00 PM,-122.8642,49.0484,2.3,2300
933,7,0,2019-02-19,0,12:00:00 AM,-122.8642,49.0484,,0
934,0,601,2019-02-19,1,8:00:00 AM,-122.8642,49.0484,5.01,5010
935,0,1775,2019-02-19,0,12:00:00 PM,-122.8642,49.0484,19.72,19720
936,2,2400,2019-02-19,0,4:00:00 PM,-122.8642,49.0484,4,4000
937,7,0,2019-02-20,0,12:00:00 AM,-122.8642,49.0484,,0
938,0,468,2019-02-20,1,8:00:00 AM,-122.8642,49.0484,3.9,3900
939,0,796,2019-02-20,0,12:00:00 PM,-122.8642,49.0484,8.84,8840
940,2,1860,2019-02-20,0,4:00:00 PM,-122.8642,49.0484,3.1,3100
941,7,0,2019-02-21,0,12:00:00 AM,-122.8642,49.0484,,0
942,0,364,2019-02-21,1,8:00:00 AM,-122.8642,49.0484,3.03,3030
943,0,1283,2019-02-21,0,12:00:00 PM,-122.8642,49.0484,14.26,14260
944,2,900,2019-02-21,0,4:00:00 PM,-122.8642,49.0484,1.5,1500
945,7,0,2019-02-22,0,12:00:00 AM,-122.8642,49.0484,,0
946,0,532,2019-02-22,1,8:00:00 AM,-122.8642,49.0484,4.43,4430
947,0,1405,2019-02-22,0,12:00:00 PM,-122.8642,49.0484,15.61,15610
948,2,2400,2019-02-22,0,4:00:00 PM,-122.8642,49.0484,4,4000
949,7,0,2019-02-23,0,12:00:00 AM,-122.8642,49.0484,,0
950,0,668,2019-02-23,1,8:00:00 AM,-122.8642,49.0484,5.57,5570
951,0,1395,2019-02-23,0,12:00:00 PM,-122.8642,49.0484,15.5,15500
952,2,360,2019-02-23,0,4:00:00 PM,-122.8642,49.0484,0.6,600
953,7,0,2019-02-24,0,12:00:00 AM,-122.8642,49.0484,,0
954,0,126,2019-02-24,1,8:00:00 AM,-122.8642,49.0484,1.05,1050
955,0,800,2019-02-24,0,12:00:00 PM,-122.8642,49.0484,8.89,8890
956,2,2340,2019-02-24,0,4:00:00 PM,-122.8642,49.0484,3.9,3900
957,7,0,2019-02-25,0,12:00:00 AM,-122.8642,49.0484,,0
958,0,774,2019-02-25,1,8:00:00 AM,-122.8642,49.0484,6.45,6450
959,0,1520,2019-02-25,0,12:00:00 PM,-122.8642,49.0484,16.89,16890
960,2,1440,2019-02-25,0,4:00:00 PM,-122.8642,49.0484,2.4,2400
961,7,0,2019-02-26,0,12:00:00 AM,-122.8642,49.0484,,0
962,0,534,2019-02-26,1,8:00:00 AM,-122.8642,49.0484,4.45,4450
963,0,1476,2019-02-26,0,12:00:00 PM,-122.8642,49.0484,16.4,16400
964,2,360,2019-02-26,0,4:00:00 PM,-122.8642,49.0484,0.6,600
965,7,0,2019-02-27,0,12:00:00 AM,-122.8642,49.0484,,0
966,0,442,2019-02-27,1,8:00:00 AM,-122.8642,49.0484,3.68,3680
967,0,974,2019-02-27,0,12:00:00 PM,-122.8642,49.0484,10.82,10820
968,2,1980,2019-02-27,0,4:00:00 PM,-122.8642,49.0484,3.3,3300
969,7,0,2019-02-28,0,12:00:00 AM,-122.8642,49.0484,,0
970,0,355,2019-02-28,1,8:00:00 AM,-122.8642,49.0484,2.96,2960
971,0,1474,2019-02-28,0,12:00:00 PM,-122.8642,49.0484,16.38,16380
972,2,1380,2019-02-28,0,4:00:00 PM,-122.8642,49.0484,2.3,2300
973,7,0,2019-03-01,0,12:00:00 AM,-122.8642,49.0484,,0
974,0,515,2019-03-01,1,8:00:00 AM,-122.8642,49.0484,4.29,4290
975,0,1467,2019-03-01,0,12:00:00 PM,-122.8642,49.0484,16.3,16300
976,2,1680,2019-03-01,0,4:00:00 PM,-122.8642,49.0484,2.8,2800
977,7,0,2019-03-02,0,12:00:00 AM,-122.8642,49.0484,,0
978,0,143,2019-03-02,1,8:00:00 AM,-122.8642,49.0484,1.19,1190
979,0,1563,2019-03-02,0,12:00:00 PM,-122.8642,49.0484,17.37,17370
980,2,780,2019-03-02,0,4:00:00 PM,-122.8642,49.0484,1.3,1300
981,7,0,2019-03-03,0,12:00:00 AM,-122.8642,49.0484,,0
982,0,736,2019-03-03,1,8:00:00 AM,-122.8642,49.0484,6.13,6130
983,0,908,2019-03-03,0,12:00:00 PM,-122.8642,49.0484,10.09,10090
984,2,2340,2019-03-03,0,4:00:00 PM,-122.8642,49.0484,3.9,3900
985,7,0,2019-03-04,0,12:00:00 AM,-122.8642,49.0484,,0
986,0,485,2019-03-04,1,8:00:00 AM,-122.8642,49.0484,4.04,4040
987,0,989,2019-03-04,0,12:00:00 PM,-122.8642,49.0484,10.99,10990
988,2,1080,2019-03-04,0,4:00:00 PM,-122.8642,49.0484,1.8,1800
989,7,0,2019-03-05,0,12:00:00 AM,-122.8642,49.0484,,0
990,0,214,2019-03-05,1,8:00:00 AM,-122.8642,49.0484,1.78,1780
991,0,1328,2019-03-05,0,12:00:00 PM,-122.8642,49.0484,14.75,14750
992,2,300,2019-03-05,0,4:00:00 PM,-122.8642,49.0484,0.5,500
993,7,0,2019-03-06,0,12:00:00 AM,-122.8642,49.0484,,0
994,0,845,2019-03-06,1,8:00:00 AM,-122.8642,49.0484,7.04,7040
995,0,1076,2019-03-06,0,12:00:00 PM,-122.8642,49.0484,11.95,11950
996,2,360,2019-03-06,0,4:00:00 PM,-122.8642,49.0484,0.6,600
997,7,0,2019-03-07,0,12:00:00 AM,-122.8642,49.0484,,0
998,0,499,2019-03-07,1,8:00:00 AM,-122.8642,49.0484,4.16,4160
999,0,752,2019-03-07,0,12:00:00 PM,-122.8642,49.0484,8.36,8360
1000,2,660,2019-03-07,0,4:00:00 PM,-122.8642,49.0484,1.1,1100
1001,7,0,2019-03-08,0,12:00:00 AM,-122.8642,49.0484,,0
1002,0,623,2019-03-08,1,8:00:00 AM,-122.8642,49.0484,5.19,5190
1003,0,914,2019-03-08,0,12:00:00 PM,-122.8642,49.0484,10.15,10150
1004,2,1740,2019-03-08,0,4:00:00 PM,-122.8642,49.0484,2.9,2900
1005,7,0,2019-03-09,0,12:00:00 AM,-122.8642,49.0484,,0
1006,0,494,2019-03-09,1,8:00:00 AM,-122.8642,49.0484,4.12,4120
1007,0,1025,2019-03-09,0,12:00:00 PM,-122.8642,49.0484,11.39,11390
1008,2,1380,2019-03-09,0,4:00:00 PM,-122.8642,49.0484,2.3,2300
1009,7,0,2019-03-10,0,12:00:00 AM,-122.8642,49.0484,,0
1010,0,434,2019-03-10,1,8:00:00 AM,-122.8642,49.0484,3.62,3620
1011,0,1138,2019-03-10,0,12:00:00 PM,-122.8642,49.0484,12.64,12640
1012,2,2340,2019-03-10,0,4:00:00 PM,-122.8642,49.0484,3.9,3900
1013,7,0,2019-03-11,0,12:00:00 AM,-122.8642,49.0484,,0
1014,0,655,2019-03-11,1,8:00:00 AM,-122.8642,49.0484,5.46,5460
1015,0,741,2019-03-11,0,12:00:00 PM,-122.8642,49.0484,8.23,8230
1016,2,2100,2019-03-11,0,4:00:00 PM,-122.8642,49.0484,3.5,3500
1017,7,0,2019-03-12,0,12:00:00 AM,-122.8642,49.0484,,0
1018,0,188,2019-03-12,1,8:00:00 AM,-122.8642,49.0484,1.57,1570
1019,0,1112,2019-03-12,0,12:00:00 PM,-122.8642,49.0484,12.36,12360
1020,2,300,2019-03-12,0,4:00:00 PM,-122.8642,49.0484,0.5,500
1021,7,0,2019-03-13,0,12:00:00 AM,-122.8642,49.0484,,0
1022,0,335,2019-03-13,1,8:00:00 AM,-122.8642,49.0484,2.79,2790
1023,0,1362,2019-03-13,0,12:00:00 PM,-122.8642,49.0484,15.13,15130
1024,2,720,2019-03-13,0,4:00:00 PM,-122.8642,49.0484,1.2,1200
1025,7,0,2019-03-14,0,12:00:00 AM,-122.8642,49.0484,,0
1026,0,511,2019-03-14,1,8:00:00 AM,-122.8642,49.0484,4.26,4260
1027,0,1706,2019-03-14,0,12:00:00 PM,-122.8642,49.0484,18.96,18960
1028,2,2160,2019-03-14,0,4:00:00 PM,-122.8642,49.0484,3.6,3600
1029,7,0,2019-03-15,0,12:00:00 AM,-122.8642,49.0484,,0
1030,0,688,2019-03-15,1,8:00:00 AM,-122.8642,49.0484,5.73,5730
1031,0,1555,2019-03-15,0,12:00:00 PM,-122.8642,49.0484,17.28,17280
1032,2,2400,2019-03-15,0,4:00:00 PM,-122.8642,49.0484,4,4000
1033,7,0,2019-03-16,0,12:00:00 AM,-122.8642,49.0484,,0
1034,0,479,2019-03-16,1,8:00:00 AM,-122.8642,49.0484,3.99,3990
1035,0,1587,2019-03-16,0,12:00:00 PM,-122.8642,49.0484,17.63,17630
1036,2,2400,2019-03-16,0,4:00:00 PM,-122.8642,49.0484,4,4000
1037,7,0,2019-03-17,0,12:00:00 AM,-122.8642,49.0484,,0
1038,0,766,2019-03-17,1,8:00:00 AM,-122.8642,49.0484,6.38,6380
1039,0,824,2019-03-17,0,12:00:00 PM,-122.8642,49.0484,9.16,9160
1040,2,780,2019-03-17,0,4:00:00 PM,-122.8642,49.0484,1.3,1300
1041,7,0,2019-03-18,0,12:00:00 AM,-122.8642,49.0484,,0
1042,0,773,2019-03-18,1,8:00:00 AM,-122.8642,49.0484,6.44,6440
1043,0,1632,2019-03-18,0,12:00:00 PM,-122.8642,49.0484,18.13,18130
1044,2,2220,2019-03-18,0,4:00:00 PM,-122.8642,49.0484,3.7,3700
1045,7,0,2019-03-19,0,12:00:00 AM,-122.8642,49.0484,,0
1046,0,744,2019-03-19,1,8:00:00 AM,-122.8642,49.0484,6.2,6200
1047,0,754,2019-03-19,0,12:00:00 PM,-122.8642,49.0484,8.38,8380
1048,2,480,2019-03-19,0,4:00:00 PM,-122.8642,49.0484,0.8,800
1049,7,0,2019-03-20,0,12:00:00 AM,-122.8642,49.0484,,0
1050,0,721,2019-03-20,1,8:00:00 AM,-122.8642,49.0484,6.01,6010
1051,0,1489,2019-03-20,0,12:00:00 PM,-122.8642,49.0484,16.54,16540
1052,2,2160,2019-03-20,0,4:00:00 PM,-122.8642,49.0484,3.6,3600
1053,7,0,2019-03-21,0,12:00:00 AM,-122.8642,49.0484,,0
1054,0,199,2019-03-21,1,8:00:00 AM,-122.8642,49.0484,1.66,1660
1055,0,1185,2019-03-21,0,12:00:00 PM,-122.8642,49.0484,13.17,13170
1056,2,360,2019-03-21,0,4:00:00 PM,-122.8642,49.0484,0.6,600
1057,7,0,2019-03-22,0,12:00:00 AM,-122.8642,49.0484,,0
1058,0,262,2019-03-22,1,8:00:00 AM,-122.8642,49.0484,2.18,2180
1059,0,698,2019-03-22,0,12:00:00 PM,-122.8642,49.0484,7.76,7760
1060,2,2400,2019-03-22,0,4:00:00 PM,-122.8642,49.0484,4,4000
1061,7,0,2019-03-23,0,12:00:00 AM,-122.8642,49.0484,,0
1062,0,883,2019-03-23,1,8:00:00 AM,-122.8642,49.0484,7.36,7360
1063,0,913,2019-03-23,0,12:00:00 PM,-122.8642,49.0484,10.14,10140
1064,2,780,2019-03-23,0,4:00:00 PM,-122.8642,49.0484,1.3,1300
1065,7,0,2019-03-24,0,12:00:00 AM,-122.8642,49.0484,,0
1066,0,185,2019-03-24,1,8:00:00 AM,-122.8642,49.0484,1.54,1540
1067,0,691,2019-03-24,0,12:00:00 PM,-122.8642,49.0484,7.68,7680
1068,2,1800,2019-03-24,0,4:00:00 PM,-122.8642,49.0484,3,3000
1069,7,0,2019-03-25,0,12:00:00 AM,-122.8642,49.0484,,0
1070,0,839,2019-03-25,1,8:00:00 AM,-122.8642,49.0484,6.99,6990
1071,0,1421,2019-03-25,0,12:00:00 PM,-122.8642,49.0484,15.79,15790
1072,2,2340,2019-03-25,0,4:00:00 PM,-122.8642,49.0484,3.9,3900
1073,7,0,2019-03-26,0,12:00:00 AM,-122.8642,49.0484,,0
1074,0,215,2019-03-26,1,8:00:00 AM,-122.8642,49.0484,1.79,1790
1075,0,1796,2019-03-26,0,12:00:00 PM,-122.8642,49.0484,19.95,19950
1076,2,1080,2019-03-26,0,4:00:00 PM,-122.8642,49.0484,1.8,1800
1077,7,0,2019-03-27,0,12:00:00 AM,-122.8642,49.0484,,0
1078,0,703,2019-03-27,1,8:00:00 AM,-122.8642,49.0484,5.86,5860
1079,0,833,2019-03-27,0,12:00:00 PM,-122.8642,49.0484,9.25,9250
1080,2,600,2019-03-27,0,4:00:00 PM,-122.8642,49.0484,1,1000
1081,7,0,2019-03-28,0,12:00:00 AM,-122.8642,49.0484,,0
1082,0,346,2019-03-28,1,8:00:00 AM,-122.8642,49.0484,2.88,2880
1083,0,955,2019-03-28,0,12:00:00 PM,-122.8642,49.0484,10.61,10610
1084,2,1980,2019-03-28,0,4:00:00 PM,-122.8642,49.0484,3.3,3300
1085,7,0,2019-03-29,0,12:00:00 AM,-122.8642,49.0484,,0
1086,0,210,2019-03-29,1,8:00:00 AM,-122.8642,49.0484,1.75,1750
1087,0,680,2019-03-29,0,12:00:00 PM,-122.8642,49.0484,7.55,7550
1088,2,420,2019-03-29,0,4:00:00 PM,-122.8642,49.0484,0.7,700
1089,7,0,2019-03-30,0,12:00:00 AM,-122.8642,49.0484,,0
1090,0,440,2019-03-30,1,8:00:00 AM,-122.8642,49.0484,3.67,3670
1091,0,1760,2019-03-30,0,12:00:00 PM,-122.8642,49.0484,19.56,19560
1092,2,1080,2019-03-30,0,4:00:00 PM,-122.8642,49.0484,1.8,1800
1093,7,0,2019-03-31,0,12:00:00 AM,-122.8642,49.0484,,0
1094,0,732,2019-03-31,1,8:00:00 AM,-122.8642,49.0484,6.1,6100
1095,0,1002,2019-03-31,0,12:00:00 PM,-122.8642,49.0484,11.13,11130
1096,2,840,2019-03-31,0,4:00:00 PM,-122.8642,49.0484,1.4,1400
1097,7,0,2019-04-01,0,12:00:00 AM,-122.8642,49.0484,,0
1098,0,254,2019-04-01,1,8:00:00 AM,-122.8642,49.0484,2.12,2120
1099,0,1271,2019-04-01,0,12:00:00 PM,-122.8642,49.0484,14.12,14120
1100,2,960,2019-04-01,0,4:00:00 PM,-122.8642,49.0484,1.6,1600
1101,7,0,2019-04-02,0,12:00:00 AM,-122.8642,49.0484,,0
1102,0,644,2019-04-02,1,8:00:00 AM,-122.8642,49.0484,5.37,5370
1103,0,1760,2019-04-02,0,12:00:00 PM,-122.8642,49.0484,19.56,19560
1104,2,1320,2019-04-02,0,4:00:00 PM,-122.8642,49.0484,2.2,2200
1105,7,0,2019-04-03,0,12:00:00 AM,-122.8642,49.0484,,0
1106,0,870,2019-04-03,1,8:00:00 AM,-122.8642,49.0484,7.25,7250
1107,0,1113,2019-04-03,0,12:00:00 PM,-122.8642,49.0484,12.37,12370
1108,2,900,2019-04-03,0,4:00:00 PM,-122.8642,49.0484,1.5,1500
1109,7,0,2019-04-04,0,12:00:00 AM,-122.8642,49.0484,,0
1110,0,565,2019-04-04,1,8:00:00 AM,-122.8642,49.0484,4.71,4710
1111,0,1193,2019-04-04,0,12:00:00 PM,-122.8642,49.0484,13.26,13260
1112,2,420,2019-04-04,0,4:00:00 PM,-122.8642,49.0484,0.7,700
1113,7,0,2019-04-05,0,12:00:00 AM,-122.8642,49.0484,,0
1114,0,289,2019-04-05,1,8:00:00 AM,-122.8642,49.0484,2.41,2410
1115,0,1791,2019-04-05,0,12:00:00 PM,-122.8642,49.0484,19.9,19900
1116,2,300,2019-04-05,0,4:00:00 PM,-122.8642,49.0484,0.5,500
1117,7,0,2019-04-06,0,12:00:00 AM,-122.8642,49.0484,,0
1118,0,636,2019-04-06,1,8:00:00 AM,-122.8642,49.0484,5.3,5300
1119,0,1359,2019-04-06,0,12:00:00 PM,-122.8642,49.0484,15.1,15100
1120,2,840,2019-04-06,0,4:00:00 PM,-122.8642,49.0484,1.4,1400
1121,7,0,2019-04-07,0,12:00:00 AM,-122.8642,49.0484,,0
1122,0,468,2019-04-07,1,8:00:00 AM,-122.8642,49.0484,3.9,3900
1123,0,1304,2019-04-07,0,12:00:00 PM,-122.8642,49.0484,14.49,14490
1124,2,720,2019-04-07,0,4:00:00 PM,-122.8642,49.0484,1.2,1200
1125,7,0,2019-04-08,0,12:00:00 AM,-122.8642,49.0484,,0
1126,0,647,2019-04-08,1,8:00:00 AM,-122.8642,49.0484,5.39,5390
1127,0,1497,2019-04-08,0,12:00:00 PM,-122.8642,49.0484,16.63,16630
1128,2,1800,2019-04-08,0,4:00:00 PM,-122.8642,49.0484,3,3000
1129,7,0,2019-04-09,0,12:00:00 AM,-122.8642,49.0484,,0
1130,0,510,2019-04-09,1,8:00:00 AM,-122.8642,49.0484,4.25,4250
1131,0,912,2019-04-09,0,12:00:00 PM,-122.8642,49.0484,10.13,10130
1132,2,1860,2019-04-09,0,4:00:00 PM,-122.8642,49.0484,3.1,3100
1133,7,0,2019-04-10,0,12:00:00 AM,-122.8642,49.0484,,0
1134,0,746,2019-04-10,1,8:00:00 AM,-122.8642,49.0484,6.22,6220
1135,0,1140,2019-04-10,0,12:00:00 PM,-122.8642,49.0484,12.67,12670
1136,2,2400,2019-04-10,0,4:00:00 PM,-122.8642,49.0484,4,4000
1137,7,0,2019-04-11,0,12:00:00 AM,-122.8642,49.0484,,0
1138,0,346,2019-04-11,1,8:00:00 AM,-122.8642,49.0484,2.88,2880
1139,0,1010,2019-04-11,0,12:00:00 PM,-122.8642,49.0484,11.22,11220
1140,2,1260,2019-04-11,0,4:00:00 PM,-122.8642,49.0484,2.1,2100
1141,7,0,2019-04-12,0,12:00:00 AM,-122.8642,49.0484,,0
1142,0,476,2019-04-12,1,8:00:00 AM,-122.8642,49.0484,3.97,3970
1143,0,977,2019-04-12,0,12:00:00 PM,-122.8642,49.0484,10.86,10860
1144,2,960,2019-04-12,0,4:00:00 PM,-122.8642,49.0484,1.6,1600
1145,7,0,2019-04-13,0,12:00:00 AM,-122.8642,49.0484,,0
1146,0,232,2019-04-13,1,8:00:00 AM,-122.8642,49.0484,1.93,1930
1147,0,1139,2019-04-13,0,12:00:00 PM,-122.8642,49.0484,12.65,12650
1148,2,2280,2019-04-13,0,4:00:00 PM,-122.8642,49.0484,3.8,3800
1149,7,0,2019-04-14,0,12:00:00 AM,-122.8642,49.0484,,0
1150,0,487,2019-04-14,1,8:00:00 AM,-122.8642,49.0484,4.06,4060
1151,0,1789,2019-04-14,0,12:00:00 PM,-122.8642,49.0484,19.88,19880
1152,2,360,2019-04-14,0,4:00:00 PM,-122.8642,49.0484,0.6,600
1153,7,0,2019-04-15,0,12:00:00 AM,-122.8642,49.0484,,0
1154,0,287,2019-04-15,1,8:00:00 AM,-122.8642,49.0484,2.39,2390
1155,0,1140,2019-04-15,0,12:00:00 PM,-122.8642,49.0484,12.67,12670
1156,2,2340,2019-04-15,0,4:00:00 PM,-122.8642,49.0484,3.9,3900
1157,7,0,2019-04-16,0,12:00:00 AM,-122.8642,49.0484,,0
1158,0,257,2019-04-16,1,8:00:00 AM,-122.8642,49.0484,2.14,2140
1159,0,1355,2019-04-16,0,12:00:00 PM,-122.8642,49.0484,15.05,15050
1160,2,1140,2019-04-16,0,4:00:00 PM,-122.8642,49.0484,1.9,1900
1161,7,0,2019-04-17,0,12:00:00 AM,-122.8642,49.0484,,0
1162,0,835,2019-04-17,1,8:00:00 AM,-122.8642,49.0484,6.96,6960
1163,0,1616,2019-04-17,0,12:00:00 PM,-122.8642,49.0484,17.96,17960
1164,2,1200,2019-04-17,0,4:00:00 PM,-122.8642,49.0484,2,2000
1165,7,0,2019-04-18,0,12:00:00 AM,-122.8642,49.0484,,0
1166,0,674,2019-04-18,1,8:00:00 AM,-122.8642,49.0484,5.62,5620
1167,0,945,2019-04-18,0,12:00:00 PM,-122.8642,49.0484,10.5,10500
1168,2,1800,2019-04-18,0,4:00:00 PM,-122.8642,49.0484,3,3000
1169,7,0,2019-04-19,0,12:00:00 AM,-122.8642,49.0484,,0
1170,0,397,2019-04-19,1,8:00:00 AM,-122.8642,49.0484,3.31,3310
1171,0,938,2019-04-19,0,12:00:00 PM,-122.8642,49.0484,10.42,10420
1172,2,1920,2019-04-19,0,4:00:00 PM,-122.8642,49.0484,3.2,3200
1173,7,0,2019-04-20,0,12:00:00 AM,-122.8642,49.0484,,0
1174,0,370,2019-04-20,1,8:00:00 AM,-122.8642,49.0484,3.08,3080
1175,0,810,2019-04-20,0,12:00:00 PM,-122.8642,49.0484,9,9000
1176,2,1860,2019-04-20,0,4:00:00 PM,-122.8642,49.0484,3.1,3100
1177,7,0,2019-04-21,0,12:00:00 AM,-122.8642,49.0484,,0
1178,0,766,2019-04-21,1,8:00:00 AM,-122.8642,49.0484,6.38,6380
1179,0,822,2019-04-21,0,12:00:00 PM,-122.8642,49.0484,9.13,9130
1180,2,1920,2019-04-21,0,4:00:00 PM,-122.8642,49.0484,3.2,3200
1181,7,0,2019-04-22,0,12:00:00 AM,-122.8642,49.0484,,0
1182,0,721,2019-04-22,1,8:00:00 AM,-122.8642,49.0484,6.01,6010
1183,0,1009,2019-04-22,0,12:00:00 PM,-122.8642,49.0484,11.21,11210
1184,2,1980,2019-04-22,0,4:00:00 PM,-122.8642,49.0484,3.3,3300
1185,7,0,2019-04-23,0,12:00:00 AM,-122.8642,49.0484,,0
1186,0,733,2019-04-23,1,8:00:00 AM,-122.8642,49.0484,6.11,6110
1187,0,1567,2019-04-23,0,12:00:00 PM,-122.8642,49.0484,17.41,17410
1188,2,300,2019-04-23,0,4:00:00 PM,-122.8642,49.0484,0.5,500
1189,7,0,2019-04-24,0,12:00:00 AM,-122.8642,49.0484,,0
1190,0,202,2019-04-24,1,8:00:00 AM,-122.8642,49.0484,1.68,1680
1191,0,1175,2019-04-24,0,12:00:00 PM,-122.8642,49.0484,13.06,13060
1192,2,600,2019-04-24,0,4:00:00 PM,-122.8642,49.0484,1,1000
1193,7,0,2019-04-25,0,12:00:00 AM,-122.8642,49.0484,,0
1194,0,400,2019-04-25,1,8:00:00 AM,-122.8642,49.0484,3.33,3330
1195,0,1596,2019-04-25,0,12:00:00 PM,-122.8642,49.0484,17.73,17730
1196,2,1620,2019-04-25,0,4:00:00 PM,-122.8642,49.0484,2.7,2700
1197,7,0,2019-04-26,0,12:00:00 AM,-122.8642,49.0484,,0
1198,0,167,2019-04-26,1,8:00:00 AM,-122.8642,49.0484,1.39,1390
1199,0,1261,2019-04-26,0,12:00:00 PM,-122.8642,49.0484,14.01,14010
1200,2,2220,2019-04-26,0,4:00:00 PM,-122.8642,49.0484,3.7,3700
1201,7,0,2019-04-27,0,12:00:00 AM,-122.8642,49.0484,,0
1202,0,202,2019-04-27,1,8:00:00 AM,-122.8642,49.0484,1.68,1680
1203,0,1657,2019-04-27,0,12:00:00 PM,-122.8642,49.0484,18.41,18410
1204,2,2100,2019-04-27,0,4:00:00 PM,-122.8642,49.0484,3.5,3500
1205,7,0,2019-04-28,0,12:00:00 AM,-122.8642,49.0484,,0
1206,0,857,2019-04-28,1,8:00:00 AM,-122.8642,49.0484,7.14,7140
1207,0,1519,2019-04-28,0,12:00:00 PM,-122.8642,49.0484,16.88,16880
1208,2,1740,2019-04-28,0,4:00:00 PM,-122.8642,49.0484,2.9,2900
1209,7,0,2019-04-29,0,12:00:00 AM,-122.8642,49.0484,,0
1210,0,641,2019-04-29,1,8:00:00 AM,-122.8642,49.0484,5.34,5340
1211,0,1345,2019-04-29,0,12:00:00 PM,-122.8642,49.0484,14.94,14940
1212,2,2280,2019-04-29,0,4:00:00 PM,-122.8642,49.0484,3.8,3800
1213,7,0,2019-04-30,0,12:00:00 AM,-122.8642,49.0484,,0
1214,0,763,2019-04-30,1,8:00:00 AM,-122.8642,49.0484,6.36,6360
1215,0,787,2019-04-30,0,12:00:00 PM,-122.8642,49.0484,8.74,8740
1216,2,2160,2019-04-30,0,4:00:00 PM,-122.8642,49.0484,3.6,3600
1217,7,0,2019-05-01,0,12:00:00 AM,-122.8642,49.0484,,0
1218,0,379,2019-05-01,1,8:00:00 AM,-122.8642,49.0484,3.16,3160
1219,0,976,2019-05-01,0,12:00:00 PM,-122.8642,49.0484,10.84,10840
1220,2,600,2019-05-01,0,4:00:00 PM,-122.8642,49.0484,1,1000
1221,7,0,2019-05-02,0,12:00:00 AM,-122.8642,49.0484,,0
1222,0,605,2019-05-02,1,8:00:00 AM,-122.8642,49.0484,5.04,5040
1223,0,883,2019-05-02,0,12:00:00 PM,-122.8642,49.0484,9.81,9810
1224,2,2160,2019-05-02,0,4:00:00 PM,-122.8642,49.0484,3.6,3600
1225,7,0,2019-05-03,0,12:00:00 AM,-122.8642,49.0484,,0
1226,0,390,2019-05-03,1,8:00:00 AM,-122.8642,49.0484,3.25,3250
1227,0,889,2019-05-03,0,12:00:00 PM,-122.8642,49.0484,9.88,9880
1228,2,480,2019-05-03,0,4:00:00 PM,-122.8642,49.0484,0.8,800
1229,7,0,2019-05-04,0,12:00:00 AM,-122.8642,49.0484,,0
1230,0,371,2019-05-04,1,8:00:00 AM,-122.8642,49.0484,3.09,3090
1231,0,1517,2019-05-04,0,12:00:00 PM,-122.8642,49.0484,16.85,16850
1232,2,840,2019-05-04,0,4:00:00 PM,-122.8642,49.0484,1.4,1400
1233,7,0,2019-05-05,0,12:00:00 AM,-122.8642,49.0484,,0
1234,0,361,2019-05-05,1,8:00:00 AM,-122.8642,49.0484,3.01,3010
1235,0,875,2019-05-05,0,12:00:00 PM,-122.8642,49.0484,9.72,9720
1236,2,1140,2019-05-05,0,4:00:00 PM,-122.8642,49.0484,1.9,1900
1237,7,0,2019-05-06,0,12:00:00 AM,-122.8642,49.0484,,0
1238,0,576,2019-05-06,1,8:00:00 AM,-122.8642,49.0484,4.8,4800
1239,0,1282,2019-05-06,0,12:00:00 PM,-122.8642,49.0484,14.24,14240
1240,2,1920,2019-05-06,0,4:00:00 PM,-122.8642,49.0484,3.2,3200
1241,7,0,2019-05-07,0,12:00:00 AM,-122.8642,49.0484,,0
1242,0,421,2019-05-07,1,8:00:00 AM,-122.8642,49.0484,3.51,3510
1243,0,1016,2019-05-07,0,12:00:00 PM,-122.8642,49.0484,11.29,11290
1244,2,1200,2019-05-07,0,4:00:00 PM,-122.8642,49.0484,2,2000
1245,7,0,2019-05-08,0,12:00:00 AM,-122.8642,49.0484,,0
1246,0,782,2019-05-08,1,8:00:00 AM,-122.8642,49.0484,6.52,6520
1247,0,1744,2019-05-08,0,12:00:00 PM,-122.8642,49.0484,19.38,19380
1248,2,2100,2019-05-08,0,4:00:00 PM,-122.8642,49.0484,3.5,3500
1249,7,0,2019-05-09,0,12:00:00 AM,-122.8642,49.0484,,0
1250,0,541,2019-05-09,1,8:00:00 AM,-122.8642,49.0484,4.51,4510
1251,0,1639,2019-05-09,0,12:00:00 PM,-122.8642,49.0484,18.21,18210
1252,2,780,2019-05-09,0,4:00:00 PM,-122.8642,49.0484,1.3,1300
1253,7,0,2019-05-10,0,12:00:00 AM,-122.8642,49.0484,,0
1254,0,193,2019-05-10,1,8:00:00 AM,-122.8642,49.0484,1.61,1610
1255,0,893,2019-05-10,0,12:00:00 PM,-122.8642,49.0484,9.92,9920
1256,2,1560,2019-05-10,0,4:00:00 PM,-122.8642,49.0484,2.6,2600
1257,7,0,2019-05-11,0,12:00:00 AM,-122.8642,49.0484,,0
1258,0,538,2019-05-11,1,8:00:00 AM,-122.8642,49.0484,4.48,4480
1259,0,1748,2019-05-11,0,12:00:00 PM,-122.8642,49.0484,19.42,19420
1260,2,2340,2019-05-11,0,4:00:00 PM,-122.8642,49.0484,3.9,3900
1261,7,0,2019-05-12,0,12:00:00 AM,-122.8642,49.0484,,0
1262,0,425,2019-05-12,1,8:00:00 AM,-122.8642,49.0484,3.54,3540
1263,0,958,2019-05-12,0,12:00:00 PM,-122.8642,49.0484,10.64,10640
1264,2,1980,2019-05-12,0,4:00:00 PM,-122.8642,49.0484,3.3,3300
1265,7,0,2019-05-13,0,12:00:00 AM,-122.8642,49.0484,,0
1266,0,233,2019-05-13,1,8:00:00 AM,-122.8642,49.0484,1.94,1940
1267,0,1699,2019-05-13,0,12:00:00 PM,-122.8642,49.0484,18.88,18880
1268,2,1560,2019-05-13,0,4:00:00 PM,-122.8642,49.0484,2.6,2600
1269,7,0,2019-05-14,0,12:00:00 AM,-122.8642,49.0484,,0
1270,0,845,2019-05-14,1,8:00:00 AM,-122.8642,49.0484,7.04,7040
1271,0,939,2019-05-14,0,12:00:00 PM,-122.8642,49.0484,10.43,10430
1272,2,1560,2019-05-14,0,4:00:00 PM,-122.8642,49.0484,2.6,2600
1273,7,0,2019-05-15,0,12:00:00 AM,-122.8642,49.0484,,0
1274,0,553,2019-05-15,1,8:00:00 AM,-122.8642,49.0484,4.61,4610
1275,0,873,2019-05-15,0,12:00:00 PM,-122.8642,49.0484,9.7,9700
1276,2,1620,2019-05-15,0,4:00:00 PM,-122.8642,49.0484,2.7,2700
1277,7,0,2019-05-16,0,12:00:00 AM,-122.8642,49.0484,,0
1278,0,128,2019-05-16,1,8:00:00 AM,-122.8642,49.0484,1.07,1070
1279,0,743,2019-05-16,0,12:00:00 PM,-122.8642,49.0484,8.26,8260
1280,2,960,2019-05-16,0,4:00:00 PM,-122.8642,49.0484,1.6,1600
1281,7,0,2019-05-17,0,12:00:00 AM,-122.8642,49.0484,,0
1282,0,202,2019-05-17,1,8:00:00 AM,-122.8642,49.0484,1.68,1680
1283,0,1092,2019-05-17,0,12:00:00 PM,-122.8642,49.0484,12.13,12130
1284,2,2100,2019-05-17,0,4:00:00 PM,-122.8642,49.0484,3.5,3500
1285,7,0,2019-05-18,0,12:00:00 AM,-122.8642,49.0484,,0
1286,0,530,2019-05-18,1,8:00:00 AM,-122.8642,49.0484,4.42,4420
1287,0,1553,2019-05-18,0,12:00:00 PM,-122.8642,49.0484,17.25,17250
1288,2,1020,2019-05-18,0,4:00:00 PM,-122.8642,49.0484,1.7,1700
1289,7,0,2019-05-19,0,12:00:00 AM,-122.8642,49.0484,,0
1290,0,558,2019-05-19,1,8:00:00 AM,-122.8642,49.0484,4.65,4650
1291,0,1062,2019-05-19,0,12:00:00 PM,-122.8642,49.0484,11.8,11800
1292,2,1560,2019-05-19,0,4:00:00 PM,-122.8642,49.0484,2.6,2600
1293,7,0,2019-05-20,0,12:00:00 AM,-122.8642,49.0484,,0
1294,0,784,2019-05-20,1,8:00:00 AM,-122.8642,49.0484,6.53,6530
1295,0,1011,2019-05-20,0,12:00:00 PM,-122.8642,49.0484,11.23,11230
1296,2,1740,2019-05-20,0,4:00:00 PM,-122.8642,49.0484,2.9,2900
1297,7,0,2019-05-21,0,12:00:00 AM,-122.8642,49.0484,,0
1298,0,133,2019-05-21,1,8:00:00 AM,-122.8642,49.0484,1.11,1110
1299,0,1405,2019-05-21,0,12:00:00 PM,-122.8642,49.0484,15.61,15610
1300,2,1620,2019-05-21,0,4:00:00 PM,-122.8642,49.0484,2.7,2700
1301,7,0,2019-05-22,0,12:00:00 AM,-122.8642,49.0484,,0
1302,0,787,2019-05-22,1,8:00:00 AM,-122.8642,49.0484,6.56,6560
1303,0,718,2019-05-22,0,12:00:00 PM,-122.8642,49.0484,7.98,7980
1304,2,1980,2019-05-22,0,4:00:00 PM,-122.8642,49.0484,3.3,3300
1305,7,0,2019-05-23,0,12:00:00 AM,-122.8642,49.0484,,0
1306,0,870,2019-05-23,1,8:00:00 AM,-122.8642,49.0484,7.25,7250
1307,0,800,2019-05-23,0,12:00:00 PM,-122.8642,49.0484,8.89,8890
1308,2,1440,2019-05-23,0,4:00:00 PM,-122.8642,49.0484,2.4,2400
1309,7,0,2019-05-24,0,12:00:00 AM,-122.8642,49.0484,,0
1310,0,306,2019-05-24,1,8:00:00 AM,-122.8642,49.0484,2.55,2550
1311,0,1157,2019-05-24,0,12:00:00 PM,-122.8642,49.0484,12.85,12850
1312,2,2340,2019-05-24,0,4:00:00 PM,-122.8642,49.0484,3.9,3900
1313,7,0,2019-05-25,0,12:00:00 AM,-122.8642,49.0484,,0
1314,0,510,2019-05-25,1,8:00:00 AM,-122.8642,49.0484,4.25,4250
1315,0,1528,2019-05-25,0,12:00:00 PM,-122.8642,49.0484,16.98,16980
1316,2,1500,2019-05-25,0,4:00:00 PM,-122.8642,49.0484,2.5,2500
1317,7,0,2019-05-26,0,12:00:00 AM,-122.8642,49.0484,,0
1318,0,786,2019-05-26,1,8:00:00 AM,-122.8642,49.0484,6.55,6550
1319,0,755,2019-05-26,0,12:00:00 PM,-122.8642,49.0484,8.39,8390
1320,2,360,2019-05-26,0,4:00:00 PM,-122.8642,49.0484,0.6,600
1321,7,0,2019-05-27,0,12:00:00 AM,-122.8642,49.0484,,0
1322,0,204,2019-05-27,1,8:00:00 AM,-122.8642,49.0484,1.7,1700
1323,0,1200,2019-05-27,0,12:00:00 PM,-122.8642,49.0484,13.33,13330
1324,2,1560,2019-05-27,0,4:00:00 PM,-122.8642,49.0484,2.6,2600
1325,7,0,2019-05-28,0,12:00:00 AM,-122.8642,49.0484,,0
1326,0,551,2019-05-28,1,8:00:00 AM,-122.8642,49.0484,4.59,4590
1327,0,817,2019-05-28,0,12:00:00 PM,-122.8642,49.0484,9.08,9080
1328,2,2280,2019-05-28,0,4:00:00 PM,-122.8642,49.0484,3.8,3800
1329,7,0,2019-05-29,0,12:00:00 AM,-122.8642,49.0484,,0
1330,0,352,2019-05-29,1,8:00:00 AM,-122.8642,49.0484,2.93,2930
1331,0,1562,2019-05-29,0,12:00:00 PM,-122.8642,49.0484,17.36,17360
1332,2,660,2019-05-29,0,4:00:00 PM,-122.8642,49.0484,1.1,1100
1333,7,0,2019-05-30,0,12:00:00 AM,-122.8642,49.0484,,0
1334,0,432,2019-05-30,1,8:00:00 AM,-122.8642,49.0484,3.6,3600
1335,0,681,2019-05-30,0,12:00:00 PM,-122.8642,49.0484,7.57,7570
1336,2,300,2019-05-30,0,4:00:00 PM,-122.8642,49.0484,0.5,500
1337,7,0,2019-05-31,0,12:00:00 AM,-122.8642,49.0484,,0
1338,0,463,2019-05-31,1,8:00:00 AM,-122.8642,49.0484,3.86,3860
1339,0,1084,2019-05-31,0,12:00:00 PM,-122.8642,49.0484,12.04,12040
1340,2,2400,2019-05-31,0,4:00:00 PM,-122.8642,49.0484,4,4000
1341,7,0,2019-06-01,0,12:00:00 AM,-122.8642,49.0484,,0
1342,0,482,2019-06-01,1,8:00:00 AM,-122.8642,49.0484,4.02,4020
1343,0,1737,2019-06-01,0,12:00:00 PM,-122.8642,49.0484,19.3,19300
1344,2,900,2019-06-01,0,4:00:00 PM,-122.8642,49.0484,1.5,1500
1345,7,0,2019-06-02,0,12:00:00 AM,-122.8642,49.0484,,0
1346,0,259,2019-06-02,1,8:00:00 AM,-122.8642,49.0484,2.16,2160
1347,0,1757,2019-06-02,0,12:00:00 PM,-122.8642,49.0484,19.52,19520
1348,2,1500,2019-06-02,0,4:00:00 PM,-122.8642,49.0484,2.5,2500
1349,7,0,2019-06-03,0,12:00:00 AM,-122.8642,49.0484,,0
1350,0,754,2019-06-03,1,8:00:00 AM,-122.8642,49.0484,6.28,6280
1351,0,1468,2019-06-03,0,12:00:00 PM,-122.8642,49.0484,16.31,16310
1352,2,720,2019-06-03,0,4:00:00 PM,-122.8642,49.0484,1.2,1200
1353,7,0,2019-06-04,0,12:00:00 AM,-122.8642,49.0484,,0
1354,0,163,2019-06-04,1,8:00:00 AM,-122.8642,49.0484,1.36,1360
1355,0,1483,2019-06-04,0,12:00:00 PM,-122.8642,49.0484,16.48,16480
1356,2,1140,2019-06-04,0,4:00:00 PM,-122.8642,49.0484,1.9,1900
1357,7,0,2019-06-05,0,12:00:00 AM,-122.8642,49.0484,,0
1358,0,175,2019-06-05,1,8:00:00 AM,-122.8642,49.0484,1.46,1460
1359,0,1736,2019-06-05,0,12:00:00 PM,-122.8642,49.0484,19.29,19290
1360,2,1200,2019-06-05,0,4:00:00 PM,-122.8642,49.0484,2,2000
1361,7,0,2019-06-06,0,12:00:00 AM,-122.8642,49.0484,,0
1362,0,544,2019-06-06,1,8:00:00 AM,-122.8642,49.0484,4.53,4530
1363,0,1138,2019-06-06,0,12:00:00 PM,-122.8642,49.0484,12.64,12640
1364,2,480,2019-06-06,0,4:00:00 PM,-122.8642,49.0484,0.8,800
1365,7,0,2019-06-07,0,12:00:00 AM,-122.8642,49.0484,,0
1366,0,352,2019-06-07,1,8:00:00 AM,-122.8642,49.0484,2.93,2930
1367,0,1010,2019-06-07,0,12:00:00 PM,-122.8642,49.0484,11.22,11220
1368,2,1440,2019-06-07,0,4:00:00 PM,-122.8642,49.0484,2.4,2400
1369,7,0,2019-06-08,0,12:00:00 AM,-122.8642,49.0484,,0
1370,0,839,2019-06-08,1,8:00:00 AM,-122.8642,49.0484,6.99,6990
1371,0,1071,2019-06-08,0,12:00:00 PM,-122.8642,49.0484,11.9,11900
1372,2,1380,2019-06-08,0,4:00:00 PM,-122.8642,49.0484,2.3,2300
1373,7,0,2019-06-09,0,12:00:00 AM,-122.8642,49.0484,,0
1374,0,647,2019-06-09,1,8:00:00 AM,-122.8642,49.0484,5.39,5390
1375,0,780,2019-06-09,0,12:00:00 PM,-122.8642,49.0484,8.67,8670
1376,2,1020,2019-06-09,0,4:00:00 PM,-122.8642,49.0484,1.7,1700
1377,7,0,2019-06-10,0,12:00:00 AM,-122.8642,49.0484,,0
1378,0,594,2019-06-10,1,8:00:00 AM,-122.8642,49.0484,4.95,4950
1379,0,1617,2019-06-10,0,12:00:00 PM,-122.8642,49.0484,17.97,17970
1380,2,720,2019-06-10,0,4:00:00 PM,-122.8642,49.0484,1.2,1200
1381,7,0,2019-06-11,0,12:00:00 AM,-122.8642,49.0484,,0
1382,0,252,2019-06-11,1,8:00:00 AM,-122.8642,49.0484,2.1,2100
1383,0,708,2019-06-11,0,12:00:00 PM,-122.8642,49.0484,7.87,7870
1384,2,300,2019-06-11,0,4:00:00 PM,-122.8642,49.0484,0.5,500
1385,7,0,2019-06-12,0,12:00:00 AM,-122.8642,49.0484,,0
1386,0,652,2019-06-12,1,8:00:00 AM,-122.8642,49.0484,5.43,5430
1387,0,948,2019-06-12,0,12:00:00 PM,-122.8642,49.0484,10.53,10530
1388,2,1140,2019-06-12,0,4:00:00 PM,-122.8642,49.0484,1.9,1900
1389,7,0,2019-06-13,0,12:00:00 AM,-122.8642,49.0484,,0
1390,0,634,2019-06-13,1,8:00:00 AM,-122.8642,49.0484,5.28,5280
1391,0,1522,2019-06-13,0,12:00:00 PM,-122.8642,49.0484,16.91,16910
1392,2,1980,2019-06-13,0,4:00:00 PM,-122.8642,49.0484,3.3,3300
1393,7,0,2019-06-14,0,12:00:00 AM,-122.8642,49.0484,,0
1394,0,396,2019-06-14,1,8:00:00 AM,-122.8642,49.0484,3.3,3300
1395,0,768,2019-06-14,0,12:00:00 PM,-122.8642,49.0484,8.53,8530
1396,2,2280,2019-06-14,0,4:00:00 PM,-122.8642,49.0484,3.8,3800
1397,7,0,2019-06-15,0,12:00:00 AM,-122.8642,49.0484,,0
1398,0,625,2019-06-15,1,8:00:00 AM,-122.8642,49.0484,5.21,5210
1399,0,891,2019-06-15,0,12:00:00 PM,-122.8642,49.0484,9.9,9900
1400,2,1080,2019-06-15,0,4:00:00 PM,-122.8642,49.0484,1.8,1800
1401,7,0,2019-06-16,0,12:00:00 AM,-122.8642,49.0484,,0
1402,0,404,2019-06-16,1,8:00:00 AM,-122.8642,49.0484,3.37,3370
1403,0,872,2019-06-16,0,12:00:00 PM,-122.8642,49.0484,9.69,9690
1404,2,1080,2019-06-16,0,4:00:00 PM,-122.8642,49.0484,1.8,1800
1405,7,0,2019-06-17,0,12:00:00 AM,-122.8642,49.0484,,0
1406,0,278,2019-06-17,1,8:00:00 AM,-122.8642,49.0484,2.32,2320
1407,0,1699,2019-06-17,0,12:00:00 PM,-122.8642,49.0484,18.88,18880
1408,2,1440,2019-06-17,0,4:00:00 PM,-122.8642,49.0484,2.4,2400
1409,7,0,2019-06-18,0,12:00:00 AM,-122.8642,49.0484,,0
1410,0,887,2019-06-18,1,8:00:00 AM,-122.8642,49.0484,7.39,7390
1411,0,1406,2019-06-18,0,12:00:00 PM,-122.8642,49.0484,15.62,15620
1412,2,1740,2019-06-18,0,4:00:00 PM,-122.8642,49.0484,2.9,2900
1413,7,0,2019-06-19,0,12:00:00 AM,-122.8642,49.0484,,0
1414,0,472,2019-06-19,1,8:00:00 AM,-122.8642,49.0484,3.93,3930
1415,0,1149,2019-06-19,0,12:00:00 PM,-122.8642,49.0484,12.77,12770
1416,2,2400,2019-06-19,0,4:00:00 PM,-122.8642,49.0484,4,4000
1417,7,0,2019-06-20,0,12:00:00 AM,-122.8642,49.0484,,0
1418,0,499,2019-06-20,1,8:00:00 AM,-122.8642,49.0484,4.16,4160
1419,0,1582,2019-06-20,0,12:00:00 PM,-122.8642,49.0484,17.58,17580
1420,2,1980,2019-06-20,0,4:00:00 PM,-122.8642,49.0484,3.3,3300
1421,7,0,2019-06-21,0,12:00:00 AM,-122.8642,49.0484,,0
1422,0,522,2019-06-21,1,8:00:00 AM,-122.8642,49.0484,4.35,4350
1423,0,1652,2019-06-21,0,12:00:00 PM,-122.8642,49.0484,18.35,18350
1424,2,1920,2019-06-21,0,4:00:00 PM,-122.8642,49.0484,3.2,3200
1425,7,0,2019-06-22,0,12:00:00 AM,-122.8642,49.0484,,0
1426,0,578,2019-06-22,1,8:00:00 AM,-122.8642,49.0484,4.82,4820
1427,0,1358,2019-06-22,0,12:00:00 PM,-122.8642,49.0484,15.09,15090
1428,2,2040,2019-06-22,0,4:00:00 PM,-122.8642,49.0484,3.4,3400
1429,7,0,2019-06-23,0,12:00:00 AM,-122.8642,49.0484,,0
1430,0,432,2019-06-23,1,8:00:00 AM,-122.8642,49.0484,3.6,3600
1431,0,1265,2019-06-23,0,12:00:00 PM,-122.8642,49.0484,14.05,14050
1432,2,1560,2019-06-23,0,4:00:00 PM,-122.8642,49.0484,2.6,2600
1433,7,0,2019-06-24,0,12:00:00 AM,-122.8642,49.0484,,0
1434,0,600,2019-06-24,1,8:00:00 AM,-122.8642,49.0484,5,5000
1435,0,1541,2019-06-24,0,12:00:00 PM,-122.8642,49.0484,17.12,17120
1436,2,540,2019-06-24,0,4:00:00 PM,-122.8642,49.0484,0.9,900
1437,7,0,2019-06-25,0,12:00:00 AM,-122.8642,49.0484,,0
1438,0,578,2019-06-25,1,8:00:00 AM,-122.8642,49.0484,4.82,4820
1439,0,1368,2019-06-25,0,12:00:00 PM,-122.8642,49.0484,15.2,15200
1440,2,1080,2019-06-25,0,4:00:00 PM,-122.8642,49.0484,1.8,1800
1441,7,0,2019-06-26,0,12:00:00 AM,-122.8642,49.0484,,0
1442,0,300,2019-06-26,1,8:00:00 AM,-122.8642,49.0484,2.5,2500
1443,0,1413,2019-06-26,0,12:00:00 PM,-122.8642,49.0484,15.7,15700
1444,2,540,2019-06-26,0,4:00:00 PM,-122.8642,49.0484,0.9,900
1445,7,0,2019-06-27,0,12:00:00 AM,-122.8642,49.0484,,0
1446,0,367,2019-06-27,1,8:00:00 AM,-122.8642,49.0484,3.06,3060
1447,0,1579,2019-06-27,0,12:00:00 PM,-122.8642,49.0484,17.54,17540
1448,2,2040,2019-06-27,0,4:00:00 PM,-122.8642,49.0484,3.4,3400
1449,7,0,2019-06-28,0,12:00:00 AM,-122.8642,49.0484,,0
1450,0,386,2019-06-28,1,8:00:00 AM,-122.8642,49.0484,3.22,3220
1451,0,969,2019-06-28,0,12:00:00 PM,-122.8642,49.0484,10.77,10770
1452,2,1020,2019-06-28,0,4:00:00 PM,-122.8642,49.0484,1.7,1700
1453,7,0,2019-06-29,0,12:00:00 AM,-122.8642,49.0484,,0
1454,0,254,2019-06-29,1,8:00:00 AM,-122.8642,49.0484,2.12,2120
1455,0,1214,2019-06-29,0,12:00:00 PM,-122.8642,49.0484,13.49,13490
1456,2,660,2019-06-29,0,4:00:00 PM,-122.8642,49.0484,1.1,1100
1457,7,0,2019-06-30,0,12:00:00 AM,-122.8642,49.0484,,0
1458,0,451,2019-06-30,1,8:00:00 AM,-122.8642,49.0484,3.76,3760
1459,0,1318,2019-06-30,0,12:00:00 PM,-122.8642,49.0484,14.64,14640
1460,2,2280,2019-06-30,0,4:00:00 PM,-122.8642,49.0484,3.8,3800
1461,7,0,2019-07-01,0,12:00:00 AM,-122.8642,49.0484,,0
1462,0,331,2019-07-01,1,8:00:00 AM,-122.8642,49.0484,2.76,2760
1463,0,1753,2019-07-01,0,12:00:00 PM,-122.8642,49.0484,19.48,19480
1464,2,480,2019-07-01,0,4:00:00 PM,-122.8642,49.0484,0.8,800
1465,7,0,2019-07-02,0,12:00:00 AM,-122.8642,49.0484,,0
1466,0,757,2019-07-02,1,8:00:00 AM,-122.8642,49.0484,6.31,6310
1467,0,1282,2019-07-02,0,12:00:00 PM,-122.8642,49.0484,14.24,14240
1468,2,1380,2019-07-02,0,4:00:00 PM,-122.8642,49.0484,2.3,2300
1469,7,0,2019-07-03,0,12:00:00 AM,-122.8642,49.0484,,0
1470,0,761,2019-07-03,1,8:00:00 AM,-122.8642,49.0484,6.34,6340
1471,0,839,2019-07-03,0,12:00:00 PM,-122.8642,49.0484,9.32,9320
1472,2,420,2019-07-03,0,4:00:00 PM,-122.8642,49.0484,0.7,700
1473,7,0,2019-07-04,0,12:00:00 AM,-122.8642,49.0484,,0
1474,0,719,2019-07-04,1,8:00:00 AM,-122.8642,49.0484,5.99,5990
1475,0,1705,2019-07-04,0,12:00:00 PM,-122.8642,49.0484,18.94,18940
1476,2,1920,2019-07-04,0,4:00:00 PM,-122.8642,49.0484,3.2,3200
1477,7,0,2019-07-05,0,12:00:00 AM,-122.8642,49.0484,,0
1478,0,133,2019-07-05,1,8:00:00 AM,-122.8642,49.0484,1.11,1110
1479,0,1337,2019-07-05,0,12:00:00 PM,-122.8642,49.0484,14.86,14860
1480,2,1380,2019-07-05,0,4:00:00 PM,-122.8642,49.0484,2.3,2300
1481,7,0,2019-07-06,0,12:00:00 AM,-122.8642,49.0484,,0
1482,0,379,2019-07-06,1,8:00:00 AM,-122.8642,49.0484,3.16,3160
1483,0,1127,2019-07-06,0,12:00:00 PM,-122.8642,49.0484,12.52,12520
1484,2,1140,2019-07-06,0,4:00:00 PM,-122.8642,49.0484,1.9,1900
1485,7,0,2019-07-07,0,12:00:00 AM,-122.8642,49.0484,,0
1486,0,799,2019-07-07,1,8:00:00 AM,-122.8642,49.0484,6.66,6660
1487,0,1022,2019-07-07,0,12:00:00 PM,-122.8642,49.0484,11.36,11360
1488,2,1200,2019-07-07,0,4:00:00 PM,-122.8642,49.0484,2,2000
1489,7,0,2019-07-08,0,12:00:00 AM,-122.8642,49.0484,,0
1490,0,888,2019-07-08,1,8:00:00 AM,-122.8642,49.0484,7.4,7400
1491,0,973,2019-07-08,0,12:00:00 PM,-122.8642,49.0484,10.81,10810
1492,2,1200,2019-07-08,0,4:00:00 PM,-122.8642,49.0484,2,2000
1493,7,0,2019-07-09,0,12:00:00 AM,-122.8642,49.0484,,0
1494,0,793,2019-07-09,1,8:00:00 AM,-122.8642,49.0484,6.61,6610
1495,0,725,2019-07-09,0,12:00:00 PM,-122.8642,49.0484,8.06,8060
1496,2,780,2019-07-09,0,4:00:00 PM,-122.8642,49.0484,1.3,1300
1497,7,0,2019-07-10,0,12:00:00 AM,-122.8642,49.0484,,0
1498,0,371,2019-07-10,1,8:00:00 AM,-122.8642,49.0484,3.09,3090
1499,0,755,2019-07-10,0,12:00:00 PM,-122.8642,49.0484,8.39,8390
1500,2,780,2019-07-10,0,4:00:00 PM,-122.8642,49.0484,1.3,1300
1501,7,0,2019-07-11,0,12:00:00 AM,-122.8642,49.0484,,0
1502,0,280,2019-07-11,1,8:00:00 AM,-122.8642,49.0484,2.33,2330
1503,0,708,2019-07-11,0,12:00:00 PM,-122.8642,49.0484,7.87,7870
1504,2,1440,2019-07-11,0,4:00:00 PM,-122.8642,49.0484,2.4,2400
1505,7,0,2019-07-12,0,12:00:00 AM,-122.8642,49.0484,,0
1506,0,862,2019-07-12,1,8:00:00 AM,-122.8642,49.0484,7.18,7180
1507,0,978,2019-07-12,0,12:00:00 PM,-122.8642,49.0484,10.87,10870
1508,2,1080,2019-07-12,0,4:00:00 PM,-122.8642,49.0484,1.8,1800
1509,7,0,2019-07-13,0,12:00:00 AM,-122.8642,49.0484,,0
1510,0,179,2019-07-13,1,8:00:00 AM,-122.8642,49.0484,1.49,1490
1511,0,1250,2019-07-13,0,12:00:00 PM,-122.8642,49.0484,13.89,13890
1512,2,1260,2019-07-13,0,4:00:00 PM,-122.8642,49.0484,2.1,2100
1513,7,0,2019-07-14,0,12:00:00 AM,-122.8642,49.0484,,0
1514,0,226,2019-07-14,1,8:00:00 AM,-122.8642,49.0484,1.88,1880
1515,0,1622,2019-07-14,0,12:00:00 PM,-122.8642,49.0484,18.02,18020
1516,2,780,2019-07-14,0,4:00:00 PM,-122.8642,49.0484,1.3,1300
1517,7,0,2019-07-15,0,12:00:00 AM,-122.8642,49.0484,,0
1518,0,674,2019-07-15,1,8:00:00 AM,-122.8642,49.0484,5.62,5620
1519,0,886,2019-07-15,0,12:00:00 PM,-122.8642,49.0484,9.84,9840
1520,2,300,2019-07-15,0,4:00:00 PM,-122.8642,49.0484,0.5,500
1521,7,0,2019-07-16,0,12:00:00 AM,-122.8642,49.0484,,0
1522,0,589,2019-07-16,1,8:00:00 AM,-122.8642,49.0484,4.91,4910
1523,0,705,2019-07-16,0,12:00:00 PM,-122.8642,49.0484,7.83,7830
1524,2,900,2019-07-16,0,4:00:00 PM,-122.8642,49.0484,1.5,1500
1525,7,0,2019-07-17,0,12:00:00 AM,-122.8642,49.0484,,0
1526,0,269,2019-07-17,1,8:00:00 AM,-122.8642,49.0484,2.24,2240
1527,0,1148,2019-07-17,0,12:00:00 PM,-122.8642,49.0484,12.75,12750
1528,2,720,2019-07-17,0,4:00:00 PM,-122.8642,49.0484,1.2,1200
1529,7,0,2019-07-18,0,12:00:00 AM,-122.8642,49.0484,,0
1530,0,265,2019-07-18,1,8:00:00 AM,-122.8642,49.0484,2.21,2210
1531,0,1797,2019-07-18,0,12:00:00 PM,-122.8642,49.0484,19.97,19970
1532,2,2280,2019-07-18,0,4:00:00 PM,-122.8642,49.0484,3.8,3800
1533,7,0,2019-07-19,0,12:00:00 AM,-122.8642,49.0484,,0
1534,0,274,2019-07-19,1,8:00:00 AM,-122.8642,49.0484,2.28,2280
1535,0,1190,2019-07-19,0,12:00:00 PM,-122.8642,49.0484,13.22,13220
1536,2,780,2019-07-19,0,4:00:00 PM,-122.8642,49.0484,1.3,1300
1537,7,0,2019-07-20,0,12:00:00 AM,-122.8642,49.0484,,0
1538,0,739,2019-07-20,1,8:00:00 AM,-122.8642,49.0484,6.16,6160
1539,0,1554,2019-07-20,0,12:00:00 PM,-122.8642,49.0484,17.27,17270
1540,2,780,2019-07-20,0,4:00:00 PM,-122.8642,49.0484,1.3,1300
1541,7,0,2019-07-21,0,12:00:00 AM,-122.8642,49.0484,,0
1542,0,716,2019-07-21,1,8:00:00 AM,-122.8642,49.0484,5.97,5970
1543,0,1038,2019-07-21,0,12:00:00 PM,-122.8642,49.0484,11.53,11530
1544,2,1140,2019-07-21,0,4:00:00 PM,-122.8642,49.0484,1.9,1900
1545,7,0,2019-07-22,0,12:00:00 AM,-122.8642,49.0484,,0
1546,0,721,2019-07-22,1,8:00:00 AM,-122.8642,49.0484,6.01,6010
1547,0,1208,2019-07-22,0,12:00:00 PM,-122.8642,49.0484,13.42,13420
1548,2,1740,2019-07-22,0,4:00:00 PM,-122.8642,49.0484,2.9,2900
1549,7,0,2019-07-23,0,12:00:00 AM,-122.8642,49.0484,,0
1550,0,281,2019-07-23,1,8:00:00 AM,-122.8642,49.0484,2.34,2340
1551,0,1211,2019-07-23,0,12:00:00 PM,-122.8642,49.0484,13.46,13460
1552,2,960,2019-07-23,0,4:00:00 PM,-122.8642,49.0484,1.6,1600
1553,7,0,2019-07-24,0,12:00:00 AM,-122.8642,49.0484,,0
1554,0,866,2019-07-24,1,8:00:00 AM,-122.8642,49.0484,7.22,7220
1555,0,1240,2019-07-24,0,12:00:00 PM,-122.8642,49.0484,13.78,13780
1556,2,2340,2019-07-24,0,4:00:00 PM,-122.8642,49.0484,3.9,3900
